libbz2-1.0:amd64	1.0.8-5+b1	amd64	bzip2	1.0.8-5
libcom-err2:amd64	1.47.0-2+b2	amd64	e2fsprogs	1.47.0-2
libcrypt1:amd64	1:4.4.33-2	amd64	libxcrypt	1:4.4.33-2
libdb5.3:amd64	5.3.28+dfsg2-1	amd64	db5.3	5.3.28+dfsg2-1
libexpat1:amd64	2.5.0-1+deb12u3	amd64	expat	2.5.0-1+deb12u3
libffi8:amd64	3.4.4-1	amd64	libffi	3.4.4-1
libgssapi-krb5-2:amd64	1.20.1-2+deb12u5	amd64	krb5	1.20.1-2+deb12u5
libk5crypto3:amd64	1.20.1-2+deb12u5	amd64	krb5	1.20.1-2+deb12u5
libkeyutils1:amd64	1.6.3-2	amd64	keyutils	1.6.3-2
libkrb5-3:amd64	1.20.1-2+deb12u5	amd64	krb5	1.20.1-2+deb12u5
libkrb5support0:amd64	1.20.1-2+deb12u5	amd64	krb5	1.20.1-2+deb12u5
liblzma5:amd64	5.4.1-1+deb12u2	amd64	xz-utils	5.4.1-1+deb12u2
libncursesw6:amd64	6.4-4	amd64	ncurses	6.4-4
libnsl2:amd64	1.3.0-2	amd64	libnsl	1.3.0-2
libpython3.11-minimal:amd64	3.11.2-6+deb12u8	amd64	python3.11	3.11.2-6+deb12u8
libpython3.11-stdlib:amd64	3.11.2-6+deb12u8	amd64	python3.11	3.11.2-6+deb12u8
libpython3.11:amd64	3.11.2-6+deb12u8	amd64	python3.11	3.11.2-6+deb12u8
libreadline8:amd64	8.2-1.3	amd64	readline	8.2-1.3
libsqlite3-0:amd64	3.40.1-2+deb12u2	amd64	sqlite3	3.40.1-2+deb12u2
libssl3:amd64	3.0.22-1~deb12u1	amd64	openssl	3.0.22-1~deb12u1
libtinfo6:amd64	6.4-4	amd64	ncurses	6.4-4
libtirpc3:amd64	1.3.3+ds-1	amd64	libtirpc	1.3.3+ds-1
libuuid1:amd64	2.38.1-5+deb12u3	amd64	util-linux	2.38.1-5+deb12u3
postgresql-plpython3-18	18.6-1.pgdg12+2	amd64	postgresql-18	18.6-1.pgdg12+2
python3.11	3.11.2-6+deb12u8	amd64	python3.11	3.11.2-6+deb12u8
python3.11-minimal	3.11.2-6+deb12u8	amd64	python3.11	3.11.2-6+deb12u8
zlib1g:amd64	1:1.2.13.dfsg-1	amd64	zlib	1:1.2.13.dfsg-1
