libbz2-1.0:amd64	1.0.8-6	amd64	bzip2	1.0.8-6
libdb5.3t64:amd64	5.3.28+dfsg2-9	amd64	db5.3	5.3.28+dfsg2-9
libexpat1:amd64	2.8.3-1~deb13u1	amd64	expat	2.8.3-1~deb13u1
libffi8:amd64	3.4.8-2	amd64	libffi	3.4.8-2
liblzma5:amd64	5.8.1-1+deb13u1	amd64	xz-utils	5.8.1-1+deb13u1
libncursesw6:amd64	6.5+20250216-2	amd64	ncurses	6.5+20250216-2
libpython3.13-minimal:amd64	3.13.5-2+deb13u5	amd64	python3.13	3.13.5-2+deb13u5
libpython3.13-stdlib:amd64	3.13.5-2+deb13u5	amd64	python3.13	3.13.5-2+deb13u5
libpython3.13:amd64	3.13.5-2+deb13u5	amd64	python3.13	3.13.5-2+deb13u5
libreadline8t64:amd64	8.2-6	amd64	readline	8.2-6
libsqlite3-0:amd64	3.46.1-7+deb13u2	amd64	sqlite3	3.46.1-7+deb13u2
libssl3t64:amd64	3.5.7-1~deb13u2	amd64	openssl	3.5.7-1~deb13u2
libtinfo6:amd64	6.5+20250216-2	amd64	ncurses	6.5+20250216-2
libuuid1:amd64	2.41.5-0+deb13u1	amd64	util-linux	2.41.5-0+deb13u1
libzstd1:amd64	1.5.7+dfsg-1	amd64	libzstd	1.5.7+dfsg-1
postgresql-plpython3-18	18.6-1.pgdg13+2	amd64	postgresql-18	18.6-1.pgdg13+2
python3.13	3.13.5-2+deb13u5	amd64	python3.13	3.13.5-2+deb13u5
python3.13-minimal	3.13.5-2+deb13u5	amd64	python3.13	3.13.5-2+deb13u5
zlib1g:amd64	1:1.3.dfsg+really1.3.1-1+b1	amd64	zlib	1:1.3.dfsg+really1.3.1-1
