# binary-package	version	source-package	source-version
libasound2:amd64	1.2.8-1+b1	alsa-lib	1.2.8-1
libbrotli1:amd64	1.0.9-2+b6	brotli	1.0.9-2
libc6:amd64	2.36-9+deb12u14	glibc	2.36-9+deb12u14
libfreetype6:amd64	2.12.1+dfsg-5+deb12u4	freetype	2.12.1+dfsg-5+deb12u4
libgcc-s1:amd64	12.2.0-14+deb12u1	gcc-12	12.2.0-14+deb12u1
libglib2.0-0:amd64	2.74.6-2+deb12u9	glib2.0	2.74.6-2+deb12u9
libgraphite2-3:amd64	1.3.14-1+deb12u1	graphite2	1.3.14-1+deb12u1
libharfbuzz0b:amd64	6.0.0+dfsg-3	harfbuzz	6.0.0+dfsg-3
libjpeg62-turbo:amd64	1:2.1.5-2	libjpeg-turbo	1:2.1.5-2
liblcms2-2:amd64	2.14-2+deb12u1	lcms2	2.14-2+deb12u1
libpcre2-8-0:amd64	10.42-1+deb12u1	pcre2	10.42-1+deb12u1
libpcsclite1:amd64	1.9.9-2	pcsc-lite	1.9.9-2
libpng16-16:amd64	1.6.39-2+deb12u5	libpng1.6	1.6.39-2+deb12u5
libstdc++6:amd64	12.2.0-14+deb12u1	gcc-12	12.2.0-14+deb12u1
openjdk-17-jre-headless:amd64	17.0.20.1+1-1~deb12u1	openjdk-17	17.0.20.1+1-1~deb12u1
postgresql-18	18.6-1.pgdg12+2	postgresql-18	18.6-1.pgdg12+2
postgresql-18-pljava	1.6.10-1.pgdg12+1	postgresql-pljava	1.6.10-1.pgdg12+1
postgresql-pljava-common	1.6.10-1.pgdg12+1	postgresql-pljava	1.6.10-1.pgdg12+1
zlib1g:amd64	1:1.2.13.dfsg-1	zlib	1:1.2.13.dfsg-1
