804338f296a357ecdcc82422d4cf2b30fc9dbeea1697c922ac03f06bbd51c644	libpq-dev_18.6-1.pgdg12+2_arm64.deb	https://apt.postgresql.org/pub/repos/apt/pool/main/p/postgresql-18/libpq-dev_18.6-1.pgdg12%2b2_arm64.deb
59c3799d46aa350aa47456a4e690851614b18ebad894d629292392dafd051572	postgresql-server-dev-18_18.6-1.pgdg12+2_arm64.deb	https://apt.postgresql.org/pub/repos/apt/pool/main/p/postgresql-18/postgresql-server-dev-18_18.6-1.pgdg12%2b2_arm64.deb
65ffdc3f5543434668ade3b287b71cbc6643af09e70246964da540d41e03f448	libpipeline1_1.5.7-1_arm64.deb	http://deb.debian.org/debian/pool/main/libp/libpipeline/libpipeline1_1.5.7-1_arm64.deb
e2dc1aaf22b9777bbffdba4d7a2632e9ff62664902896dc31d9d00e479a2085d	binfmt-support_2.2.2-2_arm64.deb	http://deb.debian.org/debian/pool/main/b/binfmt-support/binfmt-support_2.2.2-2_arm64.deb
f16a4e609b8a001ad114dcc2c38bc39c648b05dcee0e305be4cca520c11265c1	liblocale-gettext-perl_1.07-5_arm64.deb	http://deb.debian.org/debian/pool/main/libl/liblocale-gettext-perl/liblocale-gettext-perl_1.07-5_arm64.deb
c48bac178c0fc43a2bf8ace784c762b5ee83e2b981894a991dc3ccfd3ec7cd4b	libpython3.11-minimal_3.11.2-6+deb12u8_arm64.deb	http://deb.debian.org/debian/pool/main/p/python3.11/libpython3.11-minimal_3.11.2-6%2bdeb12u8_arm64.deb
3caad0fb4382e206b005737de35b3193450589a10053f8415ded216649a233bc	libexpat1_2.5.0-1+deb12u3_arm64.deb	http://deb.debian.org/debian-security/pool/updates/main/e/expat/libexpat1_2.5.0-1%2bdeb12u3_arm64.deb
6a07dd571f1a15af2f855d64571766fe44b73a57cc3b5ca79502bc89156a5e12	python3.11-minimal_3.11.2-6+deb12u8_arm64.deb	http://deb.debian.org/debian/pool/main/p/python3.11/python3.11-minimal_3.11.2-6%2bdeb12u8_arm64.deb
f01c94963ace8a6fec59300427c95fc4ac204d752567dd2e4b36ee930755110f	python3-minimal_3.11.2-1+b1_arm64.deb	http://deb.debian.org/debian/pool/main/p/python3-defaults/python3-minimal_3.11.2-1%2bb1_arm64.deb
aaa46dcb3b39948ae2e0fdb72cfcb2f48c0b59f19785a3da8045c05eb19955dd	media-types_10.0.0_all.deb	http://deb.debian.org/debian/pool/main/m/media-types/media-types_10.0.0_all.deb
3e3ef129b4bf61513144236e15e1b4ec57fa5ae3dc8a72137abdbefb7a63af85	libtirpc-common_1.3.3+ds-1_all.deb	http://deb.debian.org/debian/pool/main/libt/libtirpc/libtirpc-common_1.3.3%2bds-1_all.deb
deaf9ea54f74cab6690b4bc0b427f05cbe62cc073580d84f5f18a8d9e2ece401	libtirpc3_1.3.3+ds-1_arm64.deb	http://deb.debian.org/debian/pool/main/libt/libtirpc/libtirpc3_1.3.3%2bds-1_arm64.deb
8f9ba58b219779b43c4ccc78c79b0a23f721fc96323c202abb31e02f942104b3	libnsl2_1.3.0-2_arm64.deb	http://deb.debian.org/debian/pool/main/libn/libnsl/libnsl2_1.3.0-2_arm64.deb
e79876de55c6c2dca10d044b2fa69ccd863950ea01714220c1982d16008105f9	libpython3.11-stdlib_3.11.2-6+deb12u8_arm64.deb	http://deb.debian.org/debian/pool/main/p/python3.11/libpython3.11-stdlib_3.11.2-6%2bdeb12u8_arm64.deb
76b445c9428db92fb8f17a322a99e3e54b3f8d0eeac76d80d5d6fff95f5dd526	python3.11_3.11.2-6+deb12u8_arm64.deb	http://deb.debian.org/debian/pool/main/p/python3.11/python3.11_3.11.2-6%2bdeb12u8_arm64.deb
3ceea13a9d2eff6e850d47b4f03ebd0162acb2aa5646a84ccbe77783be104302	libpython3-stdlib_3.11.2-1+b1_arm64.deb	http://deb.debian.org/debian/pool/main/p/python3-defaults/libpython3-stdlib_3.11.2-1%2bb1_arm64.deb
d31a6f8bdea49711f221baee0e27197c314d0cbe748c020262d32650aca5f017	python3_3.11.2-1+b1_arm64.deb	http://deb.debian.org/debian/pool/main/p/python3-defaults/python3_3.11.2-1%2bb1_arm64.deb
eb430d92921f98b163031ee3ac81a96110d1f20bd84f67faab06dad50c75d744	less_590-2.1~deb12u2_arm64.deb	http://deb.debian.org/debian/pool/main/l/less/less_590-2.1%7edeb12u2_arm64.deb
d2d31e0f862dd60a813e245024d00cf47deb6465fd42122543824652487224be	libproc2-0_2%3a4.0.2-3_arm64.deb	http://deb.debian.org/debian/pool/main/p/procps/libproc2-0_4.0.2-3_arm64.deb
94414d947f009b55d50e2adf19d92038998bf7fa9ec553b1b6167fb02b5c1855	procps_2%3a4.0.2-3_arm64.deb	http://deb.debian.org/debian/pool/main/p/procps/procps_4.0.2-3_arm64.deb
7624d678ce308bc301f2932fb5c60392de09c569b9be4f2ae2dfe9a59cd73868	bzip2_1.0.8-5+b1_arm64.deb	http://deb.debian.org/debian/pool/main/b/bzip2/bzip2_1.0.8-5%2bb1_arm64.deb
efa1ba4cd19ad7baeae959c9209a7eb74be2ebb858bcabb412597bfc9f588c91	manpages_6.03-2_all.deb	http://deb.debian.org/debian/pool/main/m/manpages/manpages_6.03-2_all.deb
ef00f132ddd268ee67d756998723ee18543db27ab34930c0a9f1cff75cf55382	libbsd0_0.11.7-2_arm64.deb	http://deb.debian.org/debian/pool/main/libb/libbsd/libbsd0_0.11.7-2_arm64.deb
6ca1e355586ebfcfe8122b4d317fcaad4a9a10ca455c6a9bbd36f55bf4be85d3	libedit2_3.1-20221030-2_arm64.deb	http://deb.debian.org/debian/pool/main/libe/libedit/libedit2_3.1-20221030-2_arm64.deb
6a4b71cbcb9fe1aa289aea983c7af80bef53bc63b217e39e24fef31c7491325f	libcbor0.8_0.8.0-2+b1_arm64.deb	http://deb.debian.org/debian/pool/main/libc/libcbor/libcbor0.8_0.8.0-2%2bb1_arm64.deb
fc5373ec91102e4dac0f1d8fca5943c230fe9abbf348362f8956cda556dd22fd	libfido2-1_1.12.0-2+b1_arm64.deb	http://deb.debian.org/debian/pool/main/libf/libfido2/libfido2-1_1.12.0-2%2bb1_arm64.deb
72f7cb7eb432038a62cd89e0552b352a514e880fe3907e73dc50ca2ef6d088d7	openssh-client_1%3a9.2p1-2+deb12u10_arm64.deb	http://deb.debian.org/debian/pool/main/o/openssh/openssh-client_9.2p1-2%2bdeb12u10_arm64.deb
c75a1418753c03c3f8c544222381102da317bc42b251a12f46ad0227964a8830	xz-utils_5.4.1-1+deb12u1_arm64.deb	http://deb.debian.org/debian/pool/main/x/xz-utils/xz-utils_5.4.1-1%2bdeb12u1_arm64.deb
2e340788164c94d876ab88c41f85ec0875a9f4324f83c93a44a14879925a11a0	binutils-common_2.40-2_arm64.deb	http://deb.debian.org/debian/pool/main/b/binutils/binutils-common_2.40-2_arm64.deb
1987db5a2ca550be3153dce8b23d6b2e038079c4de0b26b349e5b742e293ad23	libbinutils_2.40-2_arm64.deb	http://deb.debian.org/debian/pool/main/b/binutils/libbinutils_2.40-2_arm64.deb
27a232cba9b33bd8495e7ccc8ffbe24c729574a8073df0851decba037fb12a63	libctf-nobfd0_2.40-2_arm64.deb	http://deb.debian.org/debian/pool/main/b/binutils/libctf-nobfd0_2.40-2_arm64.deb
539036b9ecf8af5e803962ffcf0639332dcb3a027a7ab10b174f8f92272f5b21	libctf0_2.40-2_arm64.deb	http://deb.debian.org/debian/pool/main/b/binutils/libctf0_2.40-2_arm64.deb
dd0d7fe758461a2a5560b272a7b71b26b571258554adfb5e9b72c4f18ddf6b24	libgprofng0_2.40-2_arm64.deb	http://deb.debian.org/debian/pool/main/b/binutils/libgprofng0_2.40-2_arm64.deb
49fda2bcfdf6b78098a5cdc9eaee23ef1f3b331559f02f1e32bc26f1fb6b4aec	libjansson4_2.14-2_arm64.deb	http://deb.debian.org/debian/pool/main/j/jansson/libjansson4_2.14-2_arm64.deb
fa154fed9b3bb5e11c4c152c3faaa5b56dce9ea39fed68156c3d656c97b4a11e	binutils-aarch64-linux-gnu_2.40-2_arm64.deb	http://deb.debian.org/debian/pool/main/b/binutils/binutils-aarch64-linux-gnu_2.40-2_arm64.deb
546129bb85470fa3b5398d7429cd87c5353ab47f37e9d5e28abc57e6923a24fa	binutils_2.40-2_arm64.deb	http://deb.debian.org/debian/pool/main/b/binutils/binutils_2.40-2_arm64.deb
8fc74833f9eb19e39e760bff5b9d7e85a06d6513edf3685bf2ea6f9c710867a6	libc-dev-bin_2.36-9+deb12u14_arm64.deb	http://deb.debian.org/debian/pool/main/g/glibc/libc-dev-bin_2.36-9%2bdeb12u14_arm64.deb
d076d84f30c95eef5f29931ea9b1c3e58dbb49d577823102b857d6bf3e9035a2	linux-libc-dev_6.1.187-1_arm64.deb	http://deb.debian.org/debian-security/pool/updates/main/l/linux/linux-libc-dev_6.1.187-1_arm64.deb
8f40a050f6d54b47b0972f77ea29932573e0e6b4521b833c9d825f46a9db8b75	libcrypt-dev_1%3a4.4.33-2_arm64.deb	http://deb.debian.org/debian/pool/main/libx/libxcrypt/libcrypt-dev_4.4.33-2_arm64.deb
bec1ab917db9f30e08e209281ce5f073a2d4f7ac43aabb658780fccaa822341a	libtirpc-dev_1.3.3+ds-1_arm64.deb	http://deb.debian.org/debian/pool/main/libt/libtirpc/libtirpc-dev_1.3.3%2bds-1_arm64.deb
baf8a2ef1e9faec26dd84e62d0e8b653f54d2211a7a89c1b67965aee8a3da790	libnsl-dev_1.3.0-2_arm64.deb	http://deb.debian.org/debian/pool/main/libn/libnsl/libnsl-dev_1.3.0-2_arm64.deb
2915158484a5bcb7fe2124944e66f859e7fb030d8ec6a4478ce273d385708851	rpcsvc-proto_1.4.3-1_arm64.deb	http://deb.debian.org/debian/pool/main/r/rpcsvc-proto/rpcsvc-proto_1.4.3-1_arm64.deb
8bc395bf2ee9939f1a6ae395f974cffdcf541d98f99adfe89ce7e4bef36d159e	libc6-dev_2.36-9+deb12u14_arm64.deb	http://deb.debian.org/debian/pool/main/g/glibc/libc6-dev_2.36-9%2bdeb12u14_arm64.deb
e7232e299714254a9473d7eacdf6879eedf02b950c87da145f5d605800710c6c	libisl23_0.25-1.1_arm64.deb	http://deb.debian.org/debian/pool/main/i/isl/libisl23_0.25-1.1_arm64.deb
d818fbfb555561bff56694cc628dc9939f393a07026aefd237e9c818b9f2cb77	libmpfr6_4.2.0-1_arm64.deb	http://deb.debian.org/debian/pool/main/m/mpfr4/libmpfr6_4.2.0-1_arm64.deb
19fd1712d02a9ee3eeff5b6678a8766a12f2858c3384258c7abc15edd891739f	libmpc3_1.3.1-1_arm64.deb	http://deb.debian.org/debian/pool/main/m/mpclib3/libmpc3_1.3.1-1_arm64.deb
f95ae5b0f967bf9de96c952e12b865b133756f3f07f904a64a1fec5fcf3d20e7	cpp-12_12.2.0-14+deb12u1_arm64.deb	http://deb.debian.org/debian/pool/main/g/gcc-12/cpp-12_12.2.0-14%2bdeb12u1_arm64.deb
b4a7ff301927330e6120450fcfcbcf016cf58e485dc6f113b110e8a8280fbfca	cpp_4%3a12.2.0-3_arm64.deb	http://deb.debian.org/debian/pool/main/g/gcc-defaults/cpp_12.2.0-3_arm64.deb
ed4d33378031fb5138486e3aa648d57003456f257265a54059042fe952026fd8	libcc1-0_12.2.0-14+deb12u1_arm64.deb	http://deb.debian.org/debian/pool/main/g/gcc-12/libcc1-0_12.2.0-14%2bdeb12u1_arm64.deb
a48b70dd1a95585466b40bd94564bce56ebcb2566e49ccdb6441e996aaab2098	libgomp1_12.2.0-14+deb12u1_arm64.deb	http://deb.debian.org/debian/pool/main/g/gcc-12/libgomp1_12.2.0-14%2bdeb12u1_arm64.deb
bec6094592fe01ac103ef45d7f16ffa3ada2e98e26769bd1ed43283703bb08bd	libitm1_12.2.0-14+deb12u1_arm64.deb	http://deb.debian.org/debian/pool/main/g/gcc-12/libitm1_12.2.0-14%2bdeb12u1_arm64.deb
1693aa13ce2b30d061a519fc28b77b9bab8c8e45804ced5969d99821e1bc2159	libatomic1_12.2.0-14+deb12u1_arm64.deb	http://deb.debian.org/debian/pool/main/g/gcc-12/libatomic1_12.2.0-14%2bdeb12u1_arm64.deb
e458ed0f5a845d0f247de5985aa2478e78619e3bf054de7a2a02ec5e200e34f4	libasan8_12.2.0-14+deb12u1_arm64.deb	http://deb.debian.org/debian/pool/main/g/gcc-12/libasan8_12.2.0-14%2bdeb12u1_arm64.deb
1422f9aafe1ef8adfe8568e34040409db374f06696990cd3a7a16de3f490dd58	liblsan0_12.2.0-14+deb12u1_arm64.deb	http://deb.debian.org/debian/pool/main/g/gcc-12/liblsan0_12.2.0-14%2bdeb12u1_arm64.deb
c805db45db024c7c38bdf5b2ab8fd126a6c5572893bd8a458c541a555dae3334	libtsan2_12.2.0-14+deb12u1_arm64.deb	http://deb.debian.org/debian/pool/main/g/gcc-12/libtsan2_12.2.0-14%2bdeb12u1_arm64.deb
3c658e6b8091f133bac398a4629383d74bef230215224cd2add6dab38ca4e4d8	libubsan1_12.2.0-14+deb12u1_arm64.deb	http://deb.debian.org/debian/pool/main/g/gcc-12/libubsan1_12.2.0-14%2bdeb12u1_arm64.deb
48085824a1a42c0a85bbe37381b49eeee3e43305827ac193e184d0d9a5306481	libhwasan0_12.2.0-14+deb12u1_arm64.deb	http://deb.debian.org/debian/pool/main/g/gcc-12/libhwasan0_12.2.0-14%2bdeb12u1_arm64.deb
c83d28b7c3397c25f15ae17783fce78716a3d7cd415940940cc2af8dc4db8d6d	libgcc-12-dev_12.2.0-14+deb12u1_arm64.deb	http://deb.debian.org/debian/pool/main/g/gcc-12/libgcc-12-dev_12.2.0-14%2bdeb12u1_arm64.deb
d4f6bc31cefeb188eddc7e0f738f51c12f863cd03502935c388a9f305f558996	gcc-12_12.2.0-14+deb12u1_arm64.deb	http://deb.debian.org/debian/pool/main/g/gcc-12/gcc-12_12.2.0-14%2bdeb12u1_arm64.deb
81e86d3d3cd6731201b88fe5d8881aa281d7ffbfd8cc1c269c7a116c7b405e8d	gcc_4%3a12.2.0-3_arm64.deb	http://deb.debian.org/debian/pool/main/g/gcc-defaults/gcc_12.2.0-3_arm64.deb
b74b18927037498c10c8c5dd7a0abe132b4d90188ca5d6e899a4f777c6d52a74	libstdc++-12-dev_12.2.0-14+deb12u1_arm64.deb	http://deb.debian.org/debian/pool/main/g/gcc-12/libstdc%2b%2b-12-dev_12.2.0-14%2bdeb12u1_arm64.deb
cb6c11930cf7ad0e9baa5561b1f5fd033bed829e4acfc4472335bef99ca4cd71	g++-12_12.2.0-14+deb12u1_arm64.deb	http://deb.debian.org/debian/pool/main/g/gcc-12/g%2b%2b-12_12.2.0-14%2bdeb12u1_arm64.deb
12d5e878436f9fd76802f46aeb635a404b946facb49f151bc3960a3267dd07fc	g++_4%3a12.2.0-3_arm64.deb	http://deb.debian.org/debian/pool/main/g/gcc-defaults/g%2b%2b_12.2.0-3_arm64.deb
7ef5f5c0e3f909c811f941598107119af0a0554641b5cc590f584cea6a55d204	make_4.3-4.1_arm64.deb	http://deb.debian.org/debian/pool/main/m/make-dfsg/make_4.3-4.1_arm64.deb
3f817fd9266ce2638c64b5df77da11f98f5df4f3301e1c04140be16790f72112	libdpkg-perl_1.21.23_all.deb	http://deb.debian.org/debian/pool/main/d/dpkg/libdpkg-perl_1.21.23_all.deb
11e5e56f3cb4b306c9589bb37f9c701bf23bb37c410bac12e6a50d6461e71bd6	patch_2.7.6-7_arm64.deb	http://deb.debian.org/debian/pool/main/p/patch/patch_2.7.6-7_arm64.deb
43547075395dbe9290e6a5f34e9ba93aa5dcf7dfc5698c3d30cc3c85e5f7e3de	dpkg-dev_1.21.23_all.deb	http://deb.debian.org/debian/pool/main/d/dpkg/dpkg-dev_1.21.23_all.deb
cb14b62d98e911ae8cb32248f9f46de50cc09d46ec9dcb3b9bfda1ff2e0abf49	build-essential_12.9_arm64.deb	http://deb.debian.org/debian/pool/main/b/build-essential/build-essential_12.9_arm64.deb
115080b0aee2d75f316da4be24c8a5e88ed7c362c7b4a4cd13f3af9b9da130f2	libz3-4_4.8.12-3.1_arm64.deb	http://deb.debian.org/debian/pool/main/z/z3/libz3-4_4.8.12-3.1_arm64.deb
f22c3e843b12de66d642dceddc1db0de02934a4028dd60aecc4722f8bf04e6d6	libllvm14_1%3a14.0.6-12_arm64.deb	http://deb.debian.org/debian/pool/main/l/llvm-toolchain-14/libllvm14_14.0.6-12_arm64.deb
dc983fc6aa0c1f7ef3f51aa3a2734ea6285ad5e7a283fe32d3239c85f718872d	libclang-cpp14_1%3a14.0.6-12_arm64.deb	http://deb.debian.org/debian/pool/main/l/llvm-toolchain-14/libclang-cpp14_14.0.6-12_arm64.deb
ced0cf30c7c11b195c548e46000c3e0f110057e9573836d38e80d70d87d66b3e	libgc1_1%3a8.2.2-3_arm64.deb	http://deb.debian.org/debian/pool/main/libg/libgc/libgc1_8.2.2-3_arm64.deb
12aa7f1423adfdc2e7f977f28838c6eed47b7d71fe245420803a621d33a25d3a	libobjc4_12.2.0-14+deb12u1_arm64.deb	http://deb.debian.org/debian/pool/main/g/gcc-12/libobjc4_12.2.0-14%2bdeb12u1_arm64.deb
c12c07e6d071da3e6617d7cfb309cf51588d9ad19a1024c478080385674347ca	libobjc-12-dev_12.2.0-14+deb12u1_arm64.deb	http://deb.debian.org/debian/pool/main/g/gcc-12/libobjc-12-dev_12.2.0-14%2bdeb12u1_arm64.deb
838781bfc798bcbdca68516db6546cf83677078efa57851bb957c19e265de7c6	libclang-common-14-dev_1%3a14.0.6-12_all.deb	http://deb.debian.org/debian/pool/main/l/llvm-toolchain-14/libclang-common-14-dev_14.0.6-12_all.deb
f699265ca41d55f65ce17028cd60064fe3a0c6312bca8153d7c58b63c07a34f7	llvm-14-linker-tools_1%3a14.0.6-12_arm64.deb	http://deb.debian.org/debian/pool/main/l/llvm-toolchain-14/llvm-14-linker-tools_14.0.6-12_arm64.deb
5c9db03d902f3ea0baf9d72ba5803200ed12a8b70e0b5c4b1462afdbf60c94f9	libclang1-14_1%3a14.0.6-12_arm64.deb	http://deb.debian.org/debian/pool/main/l/llvm-toolchain-14/libclang1-14_14.0.6-12_arm64.deb
775189163aa9c75316533e32ff998cf590bd2dd5e95c0e0325300afe44bd1e3a	clang-14_1%3a14.0.6-12_arm64.deb	http://deb.debian.org/debian/pool/main/l/llvm-toolchain-14/clang-14_14.0.6-12_arm64.deb
f66a5bd282b9f90d5180a1350d4b54eea27f2c7f69a90b1375d44b001793280d	clang_1%3a14.0-55.7~deb12u1_arm64.deb	http://deb.debian.org/debian/pool/main/l/llvm-defaults/clang_14.0-55.7%7edeb12u1_arm64.deb
8da27fd815c3feceb5aed709b66e0daf9ef6ea98600778f7fd6b569a9ae1f109	libllvm19_1%3a19.1.7-3~deb12u1_arm64.deb	http://deb.debian.org/debian/pool/main/l/llvm-toolchain-19/libllvm19_19.1.7-3%7edeb12u1_arm64.deb
d9398ada6c8091669fd4af736fbb9aacaf28e140c309685ab00196625969422b	libclang-cpp19_1%3a19.1.7-3~deb12u1_arm64.deb	http://deb.debian.org/debian/pool/main/l/llvm-toolchain-19/libclang-cpp19_19.1.7-3%7edeb12u1_arm64.deb
ba6f837294395f6aec7f2177c8e578e1c45cf6a3733b469b659fb08824a35f6e	libclang-common-19-dev_1%3a19.1.7-3~deb12u1_arm64.deb	http://deb.debian.org/debian/pool/main/l/llvm-toolchain-19/libclang-common-19-dev_19.1.7-3%7edeb12u1_arm64.deb
da12f4d0c792a895a59cb32b03a2aa41b308478921d96db9abd84f43c1792401	llvm-19-linker-tools_1%3a19.1.7-3~deb12u1_arm64.deb	http://deb.debian.org/debian/pool/main/l/llvm-toolchain-19/llvm-19-linker-tools_19.1.7-3%7edeb12u1_arm64.deb
82c965471225e3a4d6cdb8fcb37186def7dd3d36de53d30fab6394b67ff55a5f	libclang1-19_1%3a19.1.7-3~deb12u1_arm64.deb	http://deb.debian.org/debian/pool/main/l/llvm-toolchain-19/libclang1-19_19.1.7-3%7edeb12u1_arm64.deb
afc69199696252641c7bfb39d46c290d4bc9f235e251bf7afbe62143f3a6bdbf	clang-19_1%3a19.1.7-3~deb12u1_arm64.deb	http://deb.debian.org/debian/pool/main/l/llvm-toolchain-19/clang-19_19.1.7-3%7edeb12u1_arm64.deb
69ff1b8007abef3e39e5715bf6737848217156ceddd094a70f2432abcc9528cf	clang-tools-19_1%3a19.1.7-3~deb12u1_arm64.deb	http://deb.debian.org/debian/pool/main/l/llvm-toolchain-19/clang-tools-19_19.1.7-3%7edeb12u1_arm64.deb
0be76b2a5c9f1ff3f97ed44731175a5bf69fe0b89a8ebfb3cee7ad77777ee918	libarchive13_3.6.2-1+deb12u5_arm64.deb	http://deb.debian.org/debian-security/pool/updates/main/liba/libarchive/libarchive13_3.6.2-1%2bdeb12u5_arm64.deb
3137de7f71952e710ee9f0df05026b3c6f463be9369a502d57c7696732f1ed22	libbrotli1_1.0.9-2+b6_arm64.deb	http://deb.debian.org/debian/pool/main/b/brotli/libbrotli1_1.0.9-2%2bb6_arm64.deb
7767833033739adb2e2e374f2c4b36134d9f36fcdfe8e2aab7029bf850146da9	libnghttp2-14_1.52.0-1+deb12u3_arm64.deb	http://deb.debian.org/debian/pool/main/n/nghttp2/libnghttp2-14_1.52.0-1%2bdeb12u3_arm64.deb
90a68e4a6d9eb95abee32595762dbf67974f13c158e4ce4a05c7c2b54440db73	libpsl5_0.21.2-1_arm64.deb	http://deb.debian.org/debian/pool/main/libp/libpsl/libpsl5_0.21.2-1_arm64.deb
a3a1a6e4b02bcd3254e932b1972ed744082fd7dd5cc1545eec3dd3d539ce6c93	librtmp1_2.4+20151223.gitfa8646d.1-2+b2_arm64.deb	http://deb.debian.org/debian/pool/main/r/rtmpdump/librtmp1_2.4%2b20151223.gitfa8646d.1-2%2bb2_arm64.deb
72db6dc64cb0dd4c8a6b0f1b998063338956a7b3eb8a27125beb27bee0d7cc46	libssh2-1_1.10.0-3+deb12u1_arm64.deb	http://deb.debian.org/debian-security/pool/updates/main/libs/libssh2/libssh2-1_1.10.0-3%2bdeb12u1_arm64.deb
e54bdd269c960b643ded903c3dbde36fe5d4d5f5b6389b47a0344d4a711cf70a	libcurl4_7.88.1-10+deb12u15_arm64.deb	http://deb.debian.org/debian/pool/main/c/curl/libcurl4_7.88.1-10%2bdeb12u15_arm64.deb
6d2f5cbc0b8ae2c263262fc1f3d891ebc46f9dcc73d0c4013eddb20e20079a91	libjsoncpp25_1.9.5-4_arm64.deb	http://deb.debian.org/debian/pool/main/libj/libjsoncpp/libjsoncpp25_1.9.5-4_arm64.deb
9ec3a2819dd2b66837b11bb961347aca9f5c7fc215e0709f78ec7e5da4748a53	librhash0_1.4.3-3_arm64.deb	http://deb.debian.org/debian/pool/main/r/rhash/librhash0_1.4.3-3_arm64.deb
96022663d045c9599cf664b98db45e254b05b0661860ad89f1501b7dbf0da258	libuv1_1.44.2-1+deb12u1_arm64.deb	http://deb.debian.org/debian/pool/main/libu/libuv1/libuv1_1.44.2-1%2bdeb12u1_arm64.deb
8371f9694da94fd551a3ea653e2e25d99747471ca0b48cc029bf5c792ea590a3	cmake-data_3.25.1-1_all.deb	http://deb.debian.org/debian/pool/main/c/cmake/cmake-data_3.25.1-1_all.deb
457c1e246b50bbfc2cd6f0f0d1da09889c8bc24677b9acb8946c4c778eaa74e5	cmake_3.25.1-1_arm64.deb	http://deb.debian.org/debian/pool/main/c/cmake/cmake_3.25.1-1_arm64.deb
880d20cb636d2c36b2f57c58ab284b442a1680365b488d3e696c147c4d84ef25	curl_7.88.1-10+deb12u15_arm64.deb	http://deb.debian.org/debian/pool/main/c/curl/curl_7.88.1-10%2bdeb12u15_arm64.deb
27dcbc1ee8ed2cdbbf3640c779cf210a693b72394ff414e7c14fcdadb0f1d9e5	libfakeroot_1.31-1.2_arm64.deb	http://deb.debian.org/debian/pool/main/f/fakeroot/libfakeroot_1.31-1.2_arm64.deb
301bf8401e9067018fbb55481594f94eed6ee812c7f9c13607d57058fa975e2c	fakeroot_1.31-1.2_arm64.deb	http://deb.debian.org/debian/pool/main/f/fakeroot/fakeroot_1.31-1.2_arm64.deb
8892669e51aab4dc56682c8e39d8ddb7d70fad83c369344e1e240bf3ca22bb76	fonts-dejavu-core_2.37-6_all.deb	http://deb.debian.org/debian/pool/main/f/fonts-dejavu/fonts-dejavu-core_2.37-6_all.deb
297b5a63f9214ffebe08892cdf2effdaf2b408e719811d5e8e98870f710cd35c	fontconfig-config_2.14.1-4_arm64.deb	http://deb.debian.org/debian/pool/main/f/fontconfig/fontconfig-config_2.14.1-4_arm64.deb
053f0518249c0be7f476b73b28d9c9922ea5597d744e86736f89ced17e4a1ec1	libcurl3-gnutls_7.88.1-10+deb12u15_arm64.deb	http://deb.debian.org/debian/pool/main/c/curl/libcurl3-gnutls_7.88.1-10%2bdeb12u15_arm64.deb
5a466348531b9c38c8e5ccb18c231f27a98b9fdab61b37ea22592553de5d2ced	liberror-perl_0.17029-2_all.deb	http://deb.debian.org/debian/pool/main/libe/liberror-perl/liberror-perl_0.17029-2_all.deb
904dbd8dbc3db34c6780fb0abfe35816d4a90a490126ef0a055a77a0c5dcab82	git-man_1%3a2.39.5-0+deb12u3_all.deb	http://deb.debian.org/debian/pool/main/g/git/git-man_2.39.5-0%2bdeb12u3_all.deb
435176549a9f5c8bbadaa126b64a036b38ea34ad9f3eb128dc40b8407a5b5620	git_1%3a2.39.5-0+deb12u3_arm64.deb	http://deb.debian.org/debian/pool/main/g/git/git_2.39.5-0%2bdeb12u3_arm64.deb
a233d4f21130667093081cdad8f395dc06e76fd5625a84b9c2e063a3f8e5dbba	icu-devtools_72.1-3+deb12u1_arm64.deb	http://deb.debian.org/debian/pool/main/i/icu/icu-devtools_72.1-3%2bdeb12u1_arm64.deb
4693ac0f4fc8f2b8b4a7854463a8061a5b0fe7a7c2eb46b9cc21bc4c3adaf1ee	libonig5_6.9.8-1_arm64.deb	http://deb.debian.org/debian/pool/main/libo/libonig/libonig5_6.9.8-1_arm64.deb
2f5b9f70fd6d954123c3c8d0a1b306fe3703dc88c6362ccbe28713e55e7a730b	libjq1_1.6-2.1+deb12u2_arm64.deb	http://deb.debian.org/debian/pool/main/j/jq/libjq1_1.6-2.1%2bdeb12u2_arm64.deb
c232e9407e0f47006dd6077804c1274fd2e4f8be02efc78822db748ed65bea99	jq_1.6-2.1+deb12u2_arm64.deb	http://deb.debian.org/debian/pool/main/j/jq/jq_1.6-2.1%2bdeb12u2_arm64.deb
55758749095c758b9c39e1e2a4decb1b67dad70ba790447cf12fb4cccbe03f63	libabsl20220623_20220623.1-1+deb12u2_arm64.deb	http://deb.debian.org/debian/pool/main/a/abseil/libabsl20220623_20220623.1-1%2bdeb12u2_arm64.deb
3a8b61891f0ce9bd310088ce2d269d63b5afd88b9196fa4f046fd890faea4a17	libalgorithm-diff-perl_1.201-1_all.deb	http://deb.debian.org/debian/pool/main/liba/libalgorithm-diff-perl/libalgorithm-diff-perl_1.201-1_all.deb
01de5f8056590864d08bf376c0d0c583167f67fa394a02513cf1fe161f9a4762	libalgorithm-diff-xs-perl_0.04-8+b1_arm64.deb	http://deb.debian.org/debian/pool/main/liba/libalgorithm-diff-xs-perl/libalgorithm-diff-xs-perl_0.04-8%2bb1_arm64.deb
46dbe02369411b46f676ddb55fa8ee3a98f7a15607ddab785979c25bacb5d7db	libalgorithm-merge-perl_0.08-5_all.deb	http://deb.debian.org/debian/pool/main/liba/libalgorithm-merge-perl/libalgorithm-merge-perl_0.08-5_all.deb
ddf3745b08f612ba9cc290cb874f28f756b37b56ede4b3aaee6230803dad7f29	libaom3_3.6.0-1+deb12u3_arm64.deb	http://deb.debian.org/debian-security/pool/updates/main/a/aom/libaom3_3.6.0-1%2bdeb12u3_arm64.deb
579c820b80ce3491143c411a342b3a222ce3a381c7c052e8c8501de5bace954f	libdav1d6_1.0.0-2+deb12u1_arm64.deb	http://deb.debian.org/debian/pool/main/d/dav1d/libdav1d6_1.0.0-2%2bdeb12u1_arm64.deb
7911890881ae7efdd613876fd5a0baf05954eeefb316e1ec57332eb3b3cf3461	libgav1-1_0.18.0-1+b1_arm64.deb	http://deb.debian.org/debian/pool/main/libg/libgav1/libgav1-1_0.18.0-1%2bb1_arm64.deb
054bff7e2f2dae8693e933d8505d1ad4d99a0c8bae5d5cfe47508b007cb44555	librav1e0_0.5.1-6_arm64.deb	http://deb.debian.org/debian/pool/main/r/rust-rav1e/librav1e0_0.5.1-6_arm64.deb
8615692e13797a345b2aea777e396ad6f9c19e6ff49459625f9078bb33199afe	libsvtav1enc1_1.4.1+dfsg-1_arm64.deb	http://deb.debian.org/debian/pool/main/s/svt-av1/libsvtav1enc1_1.4.1%2bdfsg-1_arm64.deb
de66f186f3ff3c1d10c2e75ae056b019b3f7f091f51096a06cade48b2dea875b	libjpeg62-turbo_1%3a2.1.5-2_arm64.deb	http://deb.debian.org/debian/pool/main/libj/libjpeg-turbo/libjpeg62-turbo_2.1.5-2_arm64.deb
12c144896e7e59d2f8bc8c689d8b748ebeb41303d98f18a38f839ae48c2750b7	libyuv0_0.0~git20230123.b2528b0-1_arm64.deb	http://deb.debian.org/debian/pool/main/liby/libyuv/libyuv0_0.0%7egit20230123.b2528b0-1_arm64.deb
0a59a53cad483fa6d032253fd7301c75f0d1017f673f832183be3234f313883e	libavif15_0.11.1-1+deb12u1_arm64.deb	http://deb.debian.org/debian/pool/main/liba/libavif/libavif15_0.11.1-1%2bdeb12u1_arm64.deb
69aba3963ddfb11b98e5bf4b0d022f76b797436568884b10f2da32e0f4b8c2dd	libpng16-16_1.6.39-2+deb12u5_arm64.deb	http://deb.debian.org/debian/pool/main/libp/libpng1.6/libpng16-16_1.6.39-2%2bdeb12u5_arm64.deb
b8d32e54ebc9020637f8fa16b6afa64a5731e40845a6e01880d38d6f632237c9	libfreetype6_2.12.1+dfsg-5+deb12u4_arm64.deb	http://deb.debian.org/debian/pool/main/f/freetype/libfreetype6_2.12.1%2bdfsg-5%2bdeb12u4_arm64.deb
4836d9deca824883f0de33d4f8f3718ba776c6e7c80cd7c418b5a0f86c009b9e	libfontconfig1_2.14.1-4_arm64.deb	http://deb.debian.org/debian/pool/main/f/fontconfig/libfontconfig1_2.14.1-4_arm64.deb
8e714cdf70a0be495a902b21c0f0de44de250454e1c03ddf910ec7fff763da83	libde265-0_1.0.11-1+deb12u2_arm64.deb	http://deb.debian.org/debian/pool/main/libd/libde265/libde265-0_1.0.11-1%2bdeb12u2_arm64.deb
3142b9c9fb005013cee57abee51abbd78ca0a693fc61aa252fefd5be5d074b03	libx265-199_3.5-2+b1_arm64.deb	http://deb.debian.org/debian/pool/main/x/x265/libx265-199_3.5-2%2bb1_arm64.deb
92dddfa77e4281997af385cb2bc9e8ffa13b0876f889a3d6d6ad177ac968a2bc	libheif1_1.15.1-1+deb12u1_arm64.deb	http://deb.debian.org/debian/pool/main/libh/libheif/libheif1_1.15.1-1%2bdeb12u1_arm64.deb
32576ec45ad51662e02f5381e09cca75bc114065eaf28090f7294a4d84526451	libdeflate0_1.14-1_arm64.deb	http://deb.debian.org/debian/pool/main/libd/libdeflate/libdeflate0_1.14-1_arm64.deb
098a382f51781c149e37aa25aeacfd54f26fdadfcbe5dc3ebf8713ef72efa6bd	libjbig0_2.1-6.1_arm64.deb	http://deb.debian.org/debian/pool/main/j/jbigkit/libjbig0_2.1-6.1_arm64.deb
c5294ed128ac375249098c43be9805c787ed1c65703fe1d877ead4213904f123	liblerc4_4.0.0+ds-2_arm64.deb	http://deb.debian.org/debian/pool/main/l/lerc/liblerc4_4.0.0%2bds-2_arm64.deb
7aafdb66662df9e1f68c80980fe3567bd29f93a03677d0cf408c21ce49da29ff	libwebp7_1.2.4-0.2+deb12u1_arm64.deb	http://deb.debian.org/debian/pool/main/libw/libwebp/libwebp7_1.2.4-0.2%2bdeb12u1_arm64.deb
d88aa87e5e786f322048683cab56ae922448f501e9b402747d0a883738ce35ce	libtiff6_4.5.0-6+deb12u4_arm64.deb	http://deb.debian.org/debian/pool/main/t/tiff/libtiff6_4.5.0-6%2bdeb12u4_arm64.deb
36c2bf400641a80521093771dc2562c903df4065f9eb03add50d90564337ea6c	libxau6_1%3a1.0.9-1_arm64.deb	http://deb.debian.org/debian/pool/main/libx/libxau/libxau6_1.0.9-1_arm64.deb
e92569ac33247261aa09adfadc34ced3994ac301cf8b58de415a2d5dbf15ccfc	libxdmcp6_1%3a1.1.2-3_arm64.deb	http://deb.debian.org/debian/pool/main/libx/libxdmcp/libxdmcp6_1.1.2-3_arm64.deb
041d9a68415c3ccf3ce8f4f8b88e4bbfb5dc1f0d97013c6ef8423e620ea50f84	libxcb1_1.15-1_arm64.deb	http://deb.debian.org/debian/pool/main/libx/libxcb/libxcb1_1.15-1_arm64.deb
987a848aeb1c358e4186368871b0526f10bb14c6b53214ab3bf8b69abb830191	libx11-data_2%3a1.8.4-2+deb12u2_all.deb	http://deb.debian.org/debian/pool/main/libx/libx11/libx11-data_1.8.4-2%2bdeb12u2_all.deb
d1d533e983582282a9ea82c87ac5ce715a9b67bd6d1acbd2439a11c63c36549b	libx11-6_2%3a1.8.4-2+deb12u2_arm64.deb	http://deb.debian.org/debian/pool/main/libx/libx11/libx11-6_1.8.4-2%2bdeb12u2_arm64.deb
fdd2948e5681a144cdad816003ab11081ca748e26fcb9573262134cc3479ba4f	libxpm4_1%3a3.5.12-1.1+deb12u1_arm64.deb	http://deb.debian.org/debian/pool/main/libx/libxpm/libxpm4_3.5.12-1.1%2bdeb12u1_arm64.deb
aeffd98b950bcdd94f5b07aea413c4c963361b7c4e4c76f43aa3447d0ba07d2e	libgd3_2.3.3-9+deb12u1_arm64.deb	http://deb.debian.org/debian-security/pool/updates/main/libg/libgd2/libgd3_2.3.3-9%2bdeb12u1_arm64.deb
9e5800e8cce353e46104c8225f23b6bb47a4af37c839efb9a66cfb4946780f89	libc-devtools_2.36-9+deb12u14_arm64.deb	http://deb.debian.org/debian/pool/main/g/glibc/libc-devtools_2.36-9%2bdeb12u14_arm64.deb
e9671d0dc21dbf2562387f56914810d15d962fd6f89e3c173cc5e9952ac972ae	libclang-14-dev_1%3a14.0.6-12_arm64.deb	http://deb.debian.org/debian/pool/main/l/llvm-toolchain-14/libclang-14-dev_14.0.6-12_arm64.deb
7bfeaf49ac793959ff60dbc1961845a894c3bc9cfbbaf34536fe9c7b7912e6bb	libclang-dev_1%3a14.0-55.7~deb12u1_arm64.deb	http://deb.debian.org/debian/pool/main/l/llvm-defaults/libclang-dev_14.0-55.7%7edeb12u1_arm64.deb
26044ab85590cce84cefb45462d33c95d716a60ea7a14b5bf35bede61ee1e9ec	libclang-rt-14-dev_1%3a14.0.6-12_arm64.deb	http://deb.debian.org/debian/pool/main/l/llvm-toolchain-14/libclang-rt-14-dev_14.0.6-12_arm64.deb
c46fce8817df4806e1c7881c3569a0f337146da261ea995ae5205b5c9c85f3c0	libclang-rt-19-dev_1%3a19.1.7-3~deb12u1_arm64.deb	http://deb.debian.org/debian/pool/main/l/llvm-toolchain-19/libclang-rt-19-dev_19.1.7-3%7edeb12u1_arm64.deb
3aa6bc5a1a3f83627f735b9712eed74ed2c345ae9148e9d876887a97982ae28d	libnspr4_2%3a4.35-1_arm64.deb	http://deb.debian.org/debian/pool/main/n/nspr/libnspr4_4.35-1_arm64.deb
aaa1b291b6330590079a0eb1404650c7c4f6c788f9213ab6911149dc22b2b6d0	libnss3_2%3a3.87.1-1+deb12u4_arm64.deb	http://deb.debian.org/debian-security/pool/updates/main/n/nss/libnss3_3.87.1-1%2bdeb12u4_arm64.deb
adf1b91b33b2055f961c945827b807e22f21331c5f78f7470c3a4daea343b932	nss-plugin-pem_1.0.8+1-1_arm64.deb	http://deb.debian.org/debian/pool/main/n/nss-pem/nss-plugin-pem_1.0.8%2b1-1_arm64.deb
2877802e1a559a0a249a3c617e19b2b15a75dd3eeffb8ef0478800a2eeda7805	libcurl3-nss_7.88.1-10+deb12u15_arm64.deb	http://deb.debian.org/debian/pool/main/c/curl/libcurl3-nss_7.88.1-10%2bdeb12u15_arm64.deb
8ff6335f76752ef8659762435d0d88129ef0090a587520853238809bd10ef392	libffi-dev_3.4.4-1_arm64.deb	http://deb.debian.org/debian/pool/main/libf/libffi/libffi-dev_3.4.4-1_arm64.deb
c566072687a3a39a63a2c12c09c157a4714db8ae9a1f446aa8f1612992ae76a9	libfile-fcntllock-perl_0.22-4+b1_arm64.deb	http://deb.debian.org/debian/pool/main/libf/libfile-fcntllock-perl/libfile-fcntllock-perl_0.22-4%2bb1_arm64.deb
583497cf5a95960c11f2006586050375c4adbc4b0c569a7e7df346f2bf380cbc	libgfortran5_12.2.0-14+deb12u1_arm64.deb	http://deb.debian.org/debian/pool/main/g/gcc-12/libgfortran5_12.2.0-14%2bdeb12u1_arm64.deb
ad0966e9d4706c4ea648c087641d60593131108fa5db3200e98f522ede0e85b5	libgpm2_1.20.7-10+b1_arm64.deb	http://deb.debian.org/debian/pool/main/g/gpm/libgpm2_1.20.7-10%2bb1_arm64.deb
2447f2e7493ae6b531b680b492e581cafd92e6f58f6be5dccff122de1e61f868	libicu-dev_72.1-3+deb12u1_arm64.deb	http://deb.debian.org/debian/pool/main/i/icu/libicu-dev_72.1-3%2bdeb12u1_arm64.deb
bb5013fc7f24f3ed740d50449bfea3fb4ffce1e33787b6bc7f82ea3d377bc03c	libncurses6_6.4-4_arm64.deb	http://deb.debian.org/debian/pool/main/n/ncurses/libncurses6_6.4-4_arm64.deb
a33e3269e924132dd49b4424754ca63ae2b901a89bc8a3f541e962d67bee9d41	libncurses-dev_6.4-4_arm64.deb	http://deb.debian.org/debian/pool/main/n/ncurses/libncurses-dev_6.4-4_arm64.deb
76fa7011c38cbc77057f7c4364f8d9c3ef58696beda666806f211ce019157c72	libopenblas0-pthread_0.3.21+ds-4_arm64.deb	http://deb.debian.org/debian/pool/main/o/openblas/libopenblas0-pthread_0.3.21%2bds-4_arm64.deb
dac77e9706998d2ad5190970683c2fa50333ab4afa24958eb155c1b5d70e8766	libopenblas0_0.3.21+ds-4_arm64.deb	http://deb.debian.org/debian/pool/main/o/openblas/libopenblas0_0.3.21%2bds-4_arm64.deb
c11a5e576b46322abdc0b3f199a622d28686637279db1d16ec1ba04ac22cec10	libopenblas-pthread-dev_0.3.21+ds-4_arm64.deb	http://deb.debian.org/debian/pool/main/o/openblas/libopenblas-pthread-dev_0.3.21%2bds-4_arm64.deb
f446db74629f4ff35499e72cd8a17098607ab572365d164c1e816cdc4c255275	libopenblas-dev_0.3.21+ds-4_arm64.deb	http://deb.debian.org/debian/pool/main/o/openblas/libopenblas-dev_0.3.21%2bds-4_arm64.deb
e3bc44b81e6d2f4ffd0433ae10327547a757e28b23c8b0953500c7a54789f4c4	libpfm4_4.13.0-1_arm64.deb	http://deb.debian.org/debian/pool/main/libp/libpfm4/libpfm4_4.13.0-1_arm64.deb
8638db13be90ebceb2f3feb23780564f279b4e8b14b8b3000ad02c8ff27b1f02	libpkgconf3_1.8.1-1_arm64.deb	http://deb.debian.org/debian/pool/main/p/pkgconf/libpkgconf3_1.8.1-1_arm64.deb
c6941a83bebd83d2a1cd2db56418062d8f48b3200786aacafa194b75a93a3702	libssl-dev_3.0.20-1~deb12u2_arm64.deb	http://deb.debian.org/debian/pool/main/o/openssl/libssl-dev_3.0.20-1%7edeb12u2_arm64.deb
dae08dee36e608bded07ce0957765ca744c1b010bccb271b13b67eb17c96726d	libtinfo-dev_6.4-4_arm64.deb	http://deb.debian.org/debian/pool/main/n/ncurses/libtinfo-dev_6.4-4_arm64.deb
5e9c0ad606eb4674c645fe8e0e64330c47d2729f7a59ed569848610efd5d5b62	libxext6_2%3a1.3.4-1+b1_arm64.deb	http://deb.debian.org/debian/pool/main/libx/libxext/libxext6_1.3.4-1%2bb1_arm64.deb
dd4ecc1c28855e2cc1e5d519cd355cde4d282941a45b99eb0781b2aaae10c81b	libxml2-dev_2.9.14+dfsg-1.3~deb12u6_arm64.deb	http://deb.debian.org/debian/pool/main/libx/libxml2/libxml2-dev_2.9.14%2bdfsg-1.3%7edeb12u6_arm64.deb
681ad4f45525bcf2db75bae0e5d617b0dfcc13b7acf3a7babee83e389b12f6c1	libxmuu1_2%3a1.1.3-3_arm64.deb	http://deb.debian.org/debian/pool/main/libx/libxmu/libxmuu1_1.1.3-3_arm64.deb
4da1a8966803efcfe320b6737e1a2a8306eced0cc578205a2a5ee65e3247fc76	libyaml-0-2_0.2.5-1_arm64.deb	http://deb.debian.org/debian/pool/main/liby/libyaml/libyaml-0-2_0.2.5-1_arm64.deb
d9ceb31ff52c1d6ee45e87d878ef03de1b12a5b5abc0b2ca3bd02ab14857361a	libz3-dev_4.8.12-3.1_arm64.deb	http://deb.debian.org/debian/pool/main/z/z3/libz3-dev_4.8.12-3.1_arm64.deb
cdb2cced6ff37df2da206e1742865f6599313a6deada989308f07efa84fc768a	llvm-14-runtime_1%3a14.0.6-12_arm64.deb	http://deb.debian.org/debian/pool/main/l/llvm-toolchain-14/llvm-14-runtime_14.0.6-12_arm64.deb
48d51cc988de955b15899824ba099d7ed52914ab36a446e8d052440c344fea87	llvm-14_1%3a14.0.6-12_arm64.deb	http://deb.debian.org/debian/pool/main/l/llvm-toolchain-14/llvm-14_14.0.6-12_arm64.deb
25dfb378939ccdf27e7382adf44c168f86e22f9f1a8e6e3a2ec526431ed5e30f	python3-pkg-resources_66.1.1-1+deb12u2_all.deb	http://deb.debian.org/debian/pool/main/s/setuptools/python3-pkg-resources_66.1.1-1%2bdeb12u2_all.deb
405734a57b8d2722d10413c511d9b63ee78bbbdab8b2b689d7295260bc9618a2	python3-pygments_2.14.0+dfsg-1_all.deb	http://deb.debian.org/debian/pool/main/p/pygments/python3-pygments_2.14.0%2bdfsg-1_all.deb
b0d8bcbee620e4796025165e21d123cc46e42f1385623c3d09cce06fe982d975	python3-yaml_6.0-3+b2_arm64.deb	http://deb.debian.org/debian/pool/main/p/pyyaml/python3-yaml_6.0-3%2bb2_arm64.deb
8a0c277f533c7fff600351013d038adbd550d37abc578838baa3c763e231a6dd	llvm-14-tools_1%3a14.0.6-12_arm64.deb	http://deb.debian.org/debian/pool/main/l/llvm-toolchain-14/llvm-14-tools_14.0.6-12_arm64.deb
a402d54eaa193e5421280d220cc2773e07836c4c3e4fcc6336d43906db23be9a	llvm-14-dev_1%3a14.0.6-12_arm64.deb	http://deb.debian.org/debian/pool/main/l/llvm-toolchain-14/llvm-14-dev_14.0.6-12_arm64.deb
d642712fc63d034a5a0980530072dc310efb239100d32a75c2dcf2572603c8d7	llvm-19-runtime_1%3a19.1.7-3~deb12u1_arm64.deb	http://deb.debian.org/debian/pool/main/l/llvm-toolchain-19/llvm-19-runtime_19.1.7-3%7edeb12u1_arm64.deb
46c6084115920b3e3a901cd112ce653befe5c72f95ff4f2d0a4c95aff3d9fda6	llvm-19_1%3a19.1.7-3~deb12u1_arm64.deb	http://deb.debian.org/debian/pool/main/l/llvm-toolchain-19/llvm-19_19.1.7-3%7edeb12u1_arm64.deb
a475d98242629ccb1c9eaa51b8a95d613117369e2d6ad781c6f02fa0631f3be1	llvm-19-tools_1%3a19.1.7-3~deb12u1_arm64.deb	http://deb.debian.org/debian/pool/main/l/llvm-toolchain-19/llvm-19-tools_19.1.7-3%7edeb12u1_arm64.deb
51e5bc84d1d6a2a8a482d22633b536d6c01cc44771c90e6a101e6a3d3b50b831	llvm-19-dev_1%3a19.1.7-3~deb12u1_arm64.deb	http://deb.debian.org/debian/pool/main/l/llvm-toolchain-19/llvm-19-dev_19.1.7-3%7edeb12u1_arm64.deb
96f55cb5e26231d5567c89b692bced63825a14a2d5bd18fdf16ea2ed44eb9838	manpages-dev_6.03-2_all.deb	http://deb.debian.org/debian/pool/main/m/manpages/manpages-dev_6.03-2_all.deb
6cd07c60b8d60978fa7e43d3b9d1d35e57c5750ea61d67fca451e145aaab8d1b	pkgconf-bin_1.8.1-1_arm64.deb	http://deb.debian.org/debian/pool/main/p/pkgconf/pkgconf-bin_1.8.1-1_arm64.deb
e51f35ecd6a544e072c758f060c7724344b513869b6514d1a493fa14429777b0	pkgconf_1.8.1-1_arm64.deb	http://deb.debian.org/debian/pool/main/p/pkgconf/pkgconf_1.8.1-1_arm64.deb
9fa52c7b352fec0bfdb4cfb17f64bb17939207e04c88022635f43a8c9ad2fc11	pkg-config_1.8.1-1_arm64.deb	http://deb.debian.org/debian/pool/main/p/pkgconf/pkg-config_1.8.1-1_arm64.deb
45d6f5d377c40ccb8a7542fc6333aa81cefa6889fc7d75213043317936e09933	psmisc_23.6-1_arm64.deb	http://deb.debian.org/debian/pool/main/p/psmisc/psmisc_23.6-1_arm64.deb
791c92c681a3cefcc9721445dc8a301a1a3cb3eef40ac2c16a4d9dd9ad5a42d7	publicsuffix_20230209.2326-1_all.deb	http://deb.debian.org/debian/pool/main/p/publicsuffix/publicsuffix_20230209.2326-1_all.deb
27844fc309b2ba1325c24076134d72207c00e66dc94e93d0301530472412c00e	xauth_1%3a1.1.2-1_arm64.deb	http://deb.debian.org/debian/pool/main/x/xauth/xauth_1.1.2-1_arm64.deb
