9ff4af94d256ef62db43169137d63e9e85de21b048a08e16892f5eb041217f29	libpq-dev_18.6-1.pgdg12+2_amd64.deb	https://apt.postgresql.org/pub/repos/apt/pool/main/p/postgresql-18/libpq-dev_18.6-1.pgdg12%2b2_amd64.deb
d6004e14b60c412992022046b41af8f388d44d357ea1183db598dd3a4af533ef	postgresql-server-dev-18_18.6-1.pgdg12+2_amd64.deb	https://apt.postgresql.org/pub/repos/apt/pool/main/p/postgresql-18/postgresql-server-dev-18_18.6-1.pgdg12%2b2_amd64.deb
e09c46ef83dddc7906ee2bcbd526f3a0af92622dca724ec433409b131c3ed41c	libpipeline1_1.5.7-1_amd64.deb	http://deb.debian.org/debian/pool/main/libp/libpipeline/libpipeline1_1.5.7-1_amd64.deb
8549b643707e5a98b7cdc49bddd5e831ccbc6c415a4a60d00c29c726dd0a472b	binfmt-support_2.2.2-2_amd64.deb	http://deb.debian.org/debian/pool/main/b/binfmt-support/binfmt-support_2.2.2-2_amd64.deb
fe524a9de7ed6b2a1465693f12d5f7be2d2d9f6d6e6bf028f17109263e173dc8	liblocale-gettext-perl_1.07-5_amd64.deb	http://deb.debian.org/debian/pool/main/libl/liblocale-gettext-perl/liblocale-gettext-perl_1.07-5_amd64.deb
f3beaa03994ffedacf73c43a0843d53b062d347115d8af65bee2034552a4e6f9	libpython3.11-minimal_3.11.2-6+deb12u8_amd64.deb	http://deb.debian.org/debian/pool/main/p/python3.11/libpython3.11-minimal_3.11.2-6%2bdeb12u8_amd64.deb
04405c19b977d19c5e0fd7210e452b8044a065cb45a82012d45046738920ca75	libexpat1_2.5.0-1+deb12u3_amd64.deb	http://deb.debian.org/debian-security/pool/updates/main/e/expat/libexpat1_2.5.0-1%2bdeb12u3_amd64.deb
4aba533f7cc5e7b93b7ff24482840e96813f5bcde9cce028395b65a0d799ccee	python3.11-minimal_3.11.2-6+deb12u8_amd64.deb	http://deb.debian.org/debian/pool/main/p/python3.11/python3.11-minimal_3.11.2-6%2bdeb12u8_amd64.deb
30f9618670e686d781afbfc713eb0830c29d2819e9cb2a0488800dad6bb99faa	python3-minimal_3.11.2-1+b1_amd64.deb	http://deb.debian.org/debian/pool/main/p/python3-defaults/python3-minimal_3.11.2-1%2bb1_amd64.deb
aaa46dcb3b39948ae2e0fdb72cfcb2f48c0b59f19785a3da8045c05eb19955dd	media-types_10.0.0_all.deb	http://deb.debian.org/debian/pool/main/m/media-types/media-types_10.0.0_all.deb
3e3ef129b4bf61513144236e15e1b4ec57fa5ae3dc8a72137abdbefb7a63af85	libtirpc-common_1.3.3+ds-1_all.deb	http://deb.debian.org/debian/pool/main/libt/libtirpc/libtirpc-common_1.3.3%2bds-1_all.deb
2a46d5a5e9486da11ffeff5740931740d6deae4f92cd6098df060dc5dff1e1c7	libtirpc3_1.3.3+ds-1_amd64.deb	http://deb.debian.org/debian/pool/main/libt/libtirpc/libtirpc3_1.3.3%2bds-1_amd64.deb
c0d83437fdb016cb289436f49f28a36be44b3e8f1f2498c7e3a095f709c0d6f8	libnsl2_1.3.0-2_amd64.deb	http://deb.debian.org/debian/pool/main/libn/libnsl/libnsl2_1.3.0-2_amd64.deb
890b3540dad8a1ccc0deeca025db735bcc82629a76adacbe3b50fcc06ed528ca	libpython3.11-stdlib_3.11.2-6+deb12u8_amd64.deb	http://deb.debian.org/debian/pool/main/p/python3.11/libpython3.11-stdlib_3.11.2-6%2bdeb12u8_amd64.deb
cd7b10c24281416a6acb22cd23ed7391c7dddd4a3d4d4a63d37faa786639b5de	python3.11_3.11.2-6+deb12u8_amd64.deb	http://deb.debian.org/debian/pool/main/p/python3.11/python3.11_3.11.2-6%2bdeb12u8_amd64.deb
4e58891d5c951a1e360ed9eaa814413cb5e84deadce3f08e801ac680434c786e	libpython3-stdlib_3.11.2-1+b1_amd64.deb	http://deb.debian.org/debian/pool/main/p/python3-defaults/libpython3-stdlib_3.11.2-1%2bb1_amd64.deb
33f6dafbd1a6902d9063172ec7dbd4b2225e12009e0d7ec5c933a72c2f5f3b74	python3_3.11.2-1+b1_amd64.deb	http://deb.debian.org/debian/pool/main/p/python3-defaults/python3_3.11.2-1%2bb1_amd64.deb
3c4ee8ce5e0f625e1169da9584e309c375a8a68e22de5821461d14446825cc1a	less_590-2.1~deb12u2_amd64.deb	http://deb.debian.org/debian/pool/main/l/less/less_590-2.1%7edeb12u2_amd64.deb
e82ba5d01929eafb8b9954606a3c38b0332a987c2b3432388b4ee7365e54deae	libproc2-0_2%3a4.0.2-3_amd64.deb	http://deb.debian.org/debian/pool/main/p/procps/libproc2-0_4.0.2-3_amd64.deb
d9d0e75779cb79af869181f17b93c5c263a2b89cac6a0193c436160a4483ddc1	procps_2%3a4.0.2-3_amd64.deb	http://deb.debian.org/debian/pool/main/p/procps/procps_4.0.2-3_amd64.deb
438871b3f5c5c7a357a9840951dab9dab8db7eb1ff760a563226fafa111b99e5	bzip2_1.0.8-5+b1_amd64.deb	http://deb.debian.org/debian/pool/main/b/bzip2/bzip2_1.0.8-5%2bb1_amd64.deb
efa1ba4cd19ad7baeae959c9209a7eb74be2ebb858bcabb412597bfc9f588c91	manpages_6.03-2_all.deb	http://deb.debian.org/debian/pool/main/m/manpages/manpages_6.03-2_all.deb
bb31cc8b40f962a85b2cec970f7f79cc704a1ae4bad24257a822055404b2c60b	libbsd0_0.11.7-2_amd64.deb	http://deb.debian.org/debian/pool/main/libb/libbsd/libbsd0_0.11.7-2_amd64.deb
1cf14abf2716d3279db12d0657a5737cf70074a1e71d3bdf73206625e3c89ce6	libedit2_3.1-20221030-2_amd64.deb	http://deb.debian.org/debian/pool/main/libe/libedit/libedit2_3.1-20221030-2_amd64.deb
8cbd111e1ad1c1357afb18f916c88c7ebb8cc860b8fac04ccc66a9eefe5a53af	libcbor0.8_0.8.0-2+b1_amd64.deb	http://deb.debian.org/debian/pool/main/libc/libcbor/libcbor0.8_0.8.0-2%2bb1_amd64.deb
dba89cd91adcb886ce1972122e55768aa3652cb562a6b26c5983c2d482a30a1e	libfido2-1_1.12.0-2+b1_amd64.deb	http://deb.debian.org/debian/pool/main/libf/libfido2/libfido2-1_1.12.0-2%2bb1_amd64.deb
42c250b8b9110382488c53c066a960bc564ddac2cb9e449f47b6cdbb5fc1cb60	openssh-client_1%3a9.2p1-2+deb12u10_amd64.deb	http://deb.debian.org/debian/pool/main/o/openssh/openssh-client_9.2p1-2%2bdeb12u10_amd64.deb
cc6dc501e0c06be3f89e9a7f8dfd7a97f92aadfd9daa60fad19b90d6a5558b80	xz-utils_5.4.1-1+deb12u1_amd64.deb	http://deb.debian.org/debian/pool/main/x/xz-utils/xz-utils_5.4.1-1%2bdeb12u1_amd64.deb
ab314134f43a0891a48f69a9bc33d825da748fa5e0ba2bebb7a5c491b026f1a0	binutils-common_2.40-2_amd64.deb	http://deb.debian.org/debian/pool/main/b/binutils/binutils-common_2.40-2_amd64.deb
fcf55b99e5f8a78f3c8ce9b6957f1024f394cf20c196b100d308a57e43547710	libbinutils_2.40-2_amd64.deb	http://deb.debian.org/debian/pool/main/b/binutils/libbinutils_2.40-2_amd64.deb
ef1dfcf22de41ea90ebd3d505447ccccd999e96b85aa777a1d7d981dc3b347aa	libctf-nobfd0_2.40-2_amd64.deb	http://deb.debian.org/debian/pool/main/b/binutils/libctf-nobfd0_2.40-2_amd64.deb
3fb7b6f326be3fae4a87a3d33b9269bd06c1e4346a24bd737f265067e3b7427f	libctf0_2.40-2_amd64.deb	http://deb.debian.org/debian/pool/main/b/binutils/libctf0_2.40-2_amd64.deb
a3c4092d84f19d13caf90f3c96eec53db8819f0e3a5247434944d71ed75fa53d	libgprofng0_2.40-2_amd64.deb	http://deb.debian.org/debian/pool/main/b/binutils/libgprofng0_2.40-2_amd64.deb
3fc9742f9f1a37bcb9931df6074b4d1483419ef832ad5349f47323e75fc27864	libjansson4_2.14-2_amd64.deb	http://deb.debian.org/debian/pool/main/j/jansson/libjansson4_2.14-2_amd64.deb
2d7ea8a570d768224d7f2424abbe6f373d2154865a1fa7f56c80d43ecf492521	binutils-x86-64-linux-gnu_2.40-2_amd64.deb	http://deb.debian.org/debian/pool/main/b/binutils/binutils-x86-64-linux-gnu_2.40-2_amd64.deb
83c3e20b53e1fbd84d764c3ba27d26a0376e361ae5d7fb37120196934dd87424	binutils_2.40-2_amd64.deb	http://deb.debian.org/debian/pool/main/b/binutils/binutils_2.40-2_amd64.deb
f61d923b703401023bec2ac3d9d1c9ad7341930fbe11736f7f5ef64b489d03c4	libc-dev-bin_2.36-9+deb12u14_amd64.deb	http://deb.debian.org/debian/pool/main/g/glibc/libc-dev-bin_2.36-9%2bdeb12u14_amd64.deb
ebcd139c31438e19f161bcf277a38708402ddd0e3acbe208cbbb27bff1c52bb9	linux-libc-dev_6.1.187-1_amd64.deb	http://deb.debian.org/debian-security/pool/updates/main/l/linux/linux-libc-dev_6.1.187-1_amd64.deb
81ccd29130f75a9e3adabc80e61921abff42f76761e1f792fa2d1bb69af7f52f	libcrypt-dev_1%3a4.4.33-2_amd64.deb	http://deb.debian.org/debian/pool/main/libx/libxcrypt/libcrypt-dev_4.4.33-2_amd64.deb
03326473eed54ffa27efae19aa5d6aeb402930968f869f318445513093691d55	libtirpc-dev_1.3.3+ds-1_amd64.deb	http://deb.debian.org/debian/pool/main/libt/libtirpc/libtirpc-dev_1.3.3%2bds-1_amd64.deb
bb81a188c119cd7fdebae723cbc95887b6c549b2fe4fb7e268a9c8846444da99	libnsl-dev_1.3.0-2_amd64.deb	http://deb.debian.org/debian/pool/main/libn/libnsl/libnsl-dev_1.3.0-2_amd64.deb
32ac0692694f8a34cc90c895f4fc739680fb2ef0e2d4870a68833682bf1c81a3	rpcsvc-proto_1.4.3-1_amd64.deb	http://deb.debian.org/debian/pool/main/r/rpcsvc-proto/rpcsvc-proto_1.4.3-1_amd64.deb
0218fc2befcd784c1b0c6292c0a137ce89fad054efaa579ad083bee0f2c01aae	libc6-dev_2.36-9+deb12u14_amd64.deb	http://deb.debian.org/debian/pool/main/g/glibc/libc6-dev_2.36-9%2bdeb12u14_amd64.deb
ebff0b2f8b220c74224197523019366e97ee4770d464bebc48e4865114e4da0e	libisl23_0.25-1.1_amd64.deb	http://deb.debian.org/debian/pool/main/i/isl/libisl23_0.25-1.1_amd64.deb
37b7a2b4e78890b6a074777f27b96c84f58e81558ba08410c2b6c0ca4a4ad77b	libmpfr6_4.2.0-1_amd64.deb	http://deb.debian.org/debian/pool/main/m/mpfr4/libmpfr6_4.2.0-1_amd64.deb
d7f79544790e44f9b0c8cb9034a18c58d37f8702a15f32539050718679e52f80	libmpc3_1.3.1-1_amd64.deb	http://deb.debian.org/debian/pool/main/m/mpclib3/libmpc3_1.3.1-1_amd64.deb
fedbb98e877adde83c983c6071537ea25ac52b277ac6e4637d85025949ca1454	cpp-12_12.2.0-14+deb12u1_amd64.deb	http://deb.debian.org/debian/pool/main/g/gcc-12/cpp-12_12.2.0-14%2bdeb12u1_amd64.deb
a63db920f7aa1857a57beab185423deffb6111fa09437a99bbb4ef724fb7ba78	cpp_4%3a12.2.0-3_amd64.deb	http://deb.debian.org/debian/pool/main/g/gcc-defaults/cpp_12.2.0-3_amd64.deb
4ee6009633003f47de98333ea7f7d8835ec563ae2ac4f30251dbfee04d75d46b	libcc1-0_12.2.0-14+deb12u1_amd64.deb	http://deb.debian.org/debian/pool/main/g/gcc-12/libcc1-0_12.2.0-14%2bdeb12u1_amd64.deb
48fec46bda7f5b1638b9e959889bfbc20491247d402d120bb152687eb48143d7	libgomp1_12.2.0-14+deb12u1_amd64.deb	http://deb.debian.org/debian/pool/main/g/gcc-12/libgomp1_12.2.0-14%2bdeb12u1_amd64.deb
0ed5b35dfd1346cccbf065408ec789db6c44c1d0a16ae84533411dea09632979	libitm1_12.2.0-14+deb12u1_amd64.deb	http://deb.debian.org/debian/pool/main/g/gcc-12/libitm1_12.2.0-14%2bdeb12u1_amd64.deb
fbd4e154a6b444229ea002cc209df099209c0adc09102e5fd21239a3d2b55e2d	libatomic1_12.2.0-14+deb12u1_amd64.deb	http://deb.debian.org/debian/pool/main/g/gcc-12/libatomic1_12.2.0-14%2bdeb12u1_amd64.deb
e7ac5d797d7d438a130674a8e463530f06aa02ecf919ca054d75eaa2f7849ec7	libasan8_12.2.0-14+deb12u1_amd64.deb	http://deb.debian.org/debian/pool/main/g/gcc-12/libasan8_12.2.0-14%2bdeb12u1_amd64.deb
d234ab339c0ba31a4fb44e2334cf5a8d15b87f2c2f9e74fadfaa877f92dcf22a	liblsan0_12.2.0-14+deb12u1_amd64.deb	http://deb.debian.org/debian/pool/main/g/gcc-12/liblsan0_12.2.0-14%2bdeb12u1_amd64.deb
06906663d644a75a1a836382ecd80b61461129c06f02935ce408b25809f6c958	libtsan2_12.2.0-14+deb12u1_amd64.deb	http://deb.debian.org/debian/pool/main/g/gcc-12/libtsan2_12.2.0-14%2bdeb12u1_amd64.deb
744f52adf00ffd45d44806b1c7e802a36bd27e479c9bc8457128fde357faa530	libubsan1_12.2.0-14+deb12u1_amd64.deb	http://deb.debian.org/debian/pool/main/g/gcc-12/libubsan1_12.2.0-14%2bdeb12u1_amd64.deb
3f0c9a4c730da2fdab001cae596625438598fd2996d29d888feeb4c1cdc9011f	libquadmath0_12.2.0-14+deb12u1_amd64.deb	http://deb.debian.org/debian/pool/main/g/gcc-12/libquadmath0_12.2.0-14%2bdeb12u1_amd64.deb
d720259380a84f2ffc6fe516eff5cbe9c8a005138e8d6a5748747ba4b3404a82	libgcc-12-dev_12.2.0-14+deb12u1_amd64.deb	http://deb.debian.org/debian/pool/main/g/gcc-12/libgcc-12-dev_12.2.0-14%2bdeb12u1_amd64.deb
b46f33cc2ec245e435e043807038cecf4b201ef004800e9dfc1455240360e49d	gcc-12_12.2.0-14+deb12u1_amd64.deb	http://deb.debian.org/debian/pool/main/g/gcc-12/gcc-12_12.2.0-14%2bdeb12u1_amd64.deb
bb63b0fb2797e2a3a294dab8a02614930c557ec1f4ea96637c244b8b5f87e630	gcc_4%3a12.2.0-3_amd64.deb	http://deb.debian.org/debian/pool/main/g/gcc-defaults/gcc_12.2.0-3_amd64.deb
d28def6c23630432b57cb38a4c2fd67a79d4e0484027386ca6e8d6005c3d7a73	libstdc++-12-dev_12.2.0-14+deb12u1_amd64.deb	http://deb.debian.org/debian/pool/main/g/gcc-12/libstdc%2b%2b-12-dev_12.2.0-14%2bdeb12u1_amd64.deb
68b182badae4ace7d472f1393c559d3532a95a2d70817498b10bb481d2627251	g++-12_12.2.0-14+deb12u1_amd64.deb	http://deb.debian.org/debian/pool/main/g/gcc-12/g%2b%2b-12_12.2.0-14%2bdeb12u1_amd64.deb
26c451a660728cf7c15548a281e17eef2f36fab28499371e83fc2d3accb499d7	g++_4%3a12.2.0-3_amd64.deb	http://deb.debian.org/debian/pool/main/g/gcc-defaults/g%2b%2b_12.2.0-3_amd64.deb
a1a83af8cbd854af887b72ad196b1f4af58387815e21ced1000253a116a46e2a	make_4.3-4.1_amd64.deb	http://deb.debian.org/debian/pool/main/m/make-dfsg/make_4.3-4.1_amd64.deb
3f817fd9266ce2638c64b5df77da11f98f5df4f3301e1c04140be16790f72112	libdpkg-perl_1.21.23_all.deb	http://deb.debian.org/debian/pool/main/d/dpkg/libdpkg-perl_1.21.23_all.deb
8c6d49b771530dbe26d7bd060582dc7d2b4eeb603a20789debc1ef4bbbc4ef67	patch_2.7.6-7_amd64.deb	http://deb.debian.org/debian/pool/main/p/patch/patch_2.7.6-7_amd64.deb
43547075395dbe9290e6a5f34e9ba93aa5dcf7dfc5698c3d30cc3c85e5f7e3de	dpkg-dev_1.21.23_all.deb	http://deb.debian.org/debian/pool/main/d/dpkg/dpkg-dev_1.21.23_all.deb
bbfd38de41898a06326f2a6ce4cc43e8e399f5566381231065b01d70499d5ba5	build-essential_12.9_amd64.deb	http://deb.debian.org/debian/pool/main/b/build-essential/build-essential_12.9_amd64.deb
6221ca25ad5abcfbe1965801029d85a88b4775320384b4b716de8fab7a4d2f7a	libz3-4_4.8.12-3.1_amd64.deb	http://deb.debian.org/debian/pool/main/z/z3/libz3-4_4.8.12-3.1_amd64.deb
cd986403cfe53f47c41b80667f6b344c40fe35de4c5081dad9358b4c77cf64a8	libllvm14_1%3a14.0.6-12_amd64.deb	http://deb.debian.org/debian/pool/main/l/llvm-toolchain-14/libllvm14_14.0.6-12_amd64.deb
964b13d74e9aece340cde93fecd2a2f18dd63afcb707a797ce7b39d430a01c46	libclang-cpp14_1%3a14.0.6-12_amd64.deb	http://deb.debian.org/debian/pool/main/l/llvm-toolchain-14/libclang-cpp14_14.0.6-12_amd64.deb
c7fecfc533d31980e93faeb9bc529dc2d393fc066100550c0e28a760a2eab72e	libgc1_1%3a8.2.2-3_amd64.deb	http://deb.debian.org/debian/pool/main/libg/libgc/libgc1_8.2.2-3_amd64.deb
61ca709b87ea9eb16c76c5156af96a776f4c92c6668c844f0bd2b3c6bf2e61d7	libobjc4_12.2.0-14+deb12u1_amd64.deb	http://deb.debian.org/debian/pool/main/g/gcc-12/libobjc4_12.2.0-14%2bdeb12u1_amd64.deb
bcfd08e8824bfcfd464c0ab94316d9120fbb6eb81cf4f914cd88ff83978d89cd	libobjc-12-dev_12.2.0-14+deb12u1_amd64.deb	http://deb.debian.org/debian/pool/main/g/gcc-12/libobjc-12-dev_12.2.0-14%2bdeb12u1_amd64.deb
838781bfc798bcbdca68516db6546cf83677078efa57851bb957c19e265de7c6	libclang-common-14-dev_1%3a14.0.6-12_all.deb	http://deb.debian.org/debian/pool/main/l/llvm-toolchain-14/libclang-common-14-dev_14.0.6-12_all.deb
6aa497a334836a9bfa7e2cc6d24edea553467482b6f6493154f766bbb697e846	llvm-14-linker-tools_1%3a14.0.6-12_amd64.deb	http://deb.debian.org/debian/pool/main/l/llvm-toolchain-14/llvm-14-linker-tools_14.0.6-12_amd64.deb
d0fb8eb1aa43a27ed9c3cca2a65108ab433735cb4cf1322444dbf269008e93a9	libclang1-14_1%3a14.0.6-12_amd64.deb	http://deb.debian.org/debian/pool/main/l/llvm-toolchain-14/libclang1-14_14.0.6-12_amd64.deb
e66721b4fd2c47aa326a4100d9dfdbd8838e04c17479da560d88ac1aab5ea863	clang-14_1%3a14.0.6-12_amd64.deb	http://deb.debian.org/debian/pool/main/l/llvm-toolchain-14/clang-14_14.0.6-12_amd64.deb
7b7924e692b00ae8160c4159c4476929c75ee4a8ed69823e8ba905679f0a5d77	clang_1%3a14.0-55.7~deb12u1_amd64.deb	http://deb.debian.org/debian/pool/main/l/llvm-defaults/clang_14.0-55.7%7edeb12u1_amd64.deb
6edf3a8b28495cdba883d9760e0dca1a81983fc497a5f989dc64d0d96d23b4aa	libllvm19_1%3a19.1.7-3~deb12u1_amd64.deb	http://deb.debian.org/debian/pool/main/l/llvm-toolchain-19/libllvm19_19.1.7-3%7edeb12u1_amd64.deb
5daa784e1d747db320c16604729ffa805e6bfd72d3ac0b7cb0ee5f1a7ebc8aae	libclang-cpp19_1%3a19.1.7-3~deb12u1_amd64.deb	http://deb.debian.org/debian/pool/main/l/llvm-toolchain-19/libclang-cpp19_19.1.7-3%7edeb12u1_amd64.deb
811c2d398ad772204ec05ffde485cbbc4c210abc5dcf0068ff9ca3e647591ce7	libclang-common-19-dev_1%3a19.1.7-3~deb12u1_amd64.deb	http://deb.debian.org/debian/pool/main/l/llvm-toolchain-19/libclang-common-19-dev_19.1.7-3%7edeb12u1_amd64.deb
448ced8f4e6969a8adaee9a4822fced6f1604a8ee8fcd32aa70328c7d83a68d9	llvm-19-linker-tools_1%3a19.1.7-3~deb12u1_amd64.deb	http://deb.debian.org/debian/pool/main/l/llvm-toolchain-19/llvm-19-linker-tools_19.1.7-3%7edeb12u1_amd64.deb
0e5cf7d98563ef2c74339d608b219a2b113e7c91c2834dabaeee423ce3bf2f96	libclang1-19_1%3a19.1.7-3~deb12u1_amd64.deb	http://deb.debian.org/debian/pool/main/l/llvm-toolchain-19/libclang1-19_19.1.7-3%7edeb12u1_amd64.deb
89ab931a9bbfd567a76df3141af5d5ec67b01d800150e614f2c9bf4671da9b08	clang-19_1%3a19.1.7-3~deb12u1_amd64.deb	http://deb.debian.org/debian/pool/main/l/llvm-toolchain-19/clang-19_19.1.7-3%7edeb12u1_amd64.deb
5188563c2e08cba6e8e5d253e03bfc0a01e112eba1d8939f97d2e6ce35218491	clang-tools-19_1%3a19.1.7-3~deb12u1_amd64.deb	http://deb.debian.org/debian/pool/main/l/llvm-toolchain-19/clang-tools-19_19.1.7-3%7edeb12u1_amd64.deb
45419b8c7646c1af12783ae31906ce2da4c465c1a948b01f8f44152d8269f403	libarchive13_3.6.2-1+deb12u5_amd64.deb	http://deb.debian.org/debian-security/pool/updates/main/liba/libarchive/libarchive13_3.6.2-1%2bdeb12u5_amd64.deb
563b4caec1aa5e876bd3355b36e7a38e1484baf5a293b48d1e8bd22db786e4d7	libbrotli1_1.0.9-2+b6_amd64.deb	http://deb.debian.org/debian/pool/main/b/brotli/libbrotli1_1.0.9-2%2bb6_amd64.deb
5a5736cee57e51c1baed869979e6ecdbc6495e939e33203d6cfe3b6e5a149e3f	libnghttp2-14_1.52.0-1+deb12u3_amd64.deb	http://deb.debian.org/debian/pool/main/n/nghttp2/libnghttp2-14_1.52.0-1%2bdeb12u3_amd64.deb
4f0d35610204e4e754b057748719744114621f2f6f4202d846c314860a981afb	libpsl5_0.21.2-1_amd64.deb	http://deb.debian.org/debian/pool/main/libp/libpsl/libpsl5_0.21.2-1_amd64.deb
e1f69020dc2c466e421ec6a58406b643be8b5c382abf0f8989011c1d3df91c87	librtmp1_2.4+20151223.gitfa8646d.1-2+b2_amd64.deb	http://deb.debian.org/debian/pool/main/r/rtmpdump/librtmp1_2.4%2b20151223.gitfa8646d.1-2%2bb2_amd64.deb
fff72a194e493f88e100a2567e22472bb4ab828d429c2956965c6f2f134f1b3a	libssh2-1_1.10.0-3+deb12u1_amd64.deb	http://deb.debian.org/debian-security/pool/updates/main/libs/libssh2/libssh2-1_1.10.0-3%2bdeb12u1_amd64.deb
3042904de01f9c4fbdcf1452b8f81abedcf2b015f9b9deba109063322b5bd68b	libcurl4_7.88.1-10+deb12u15_amd64.deb	http://deb.debian.org/debian/pool/main/c/curl/libcurl4_7.88.1-10%2bdeb12u15_amd64.deb
4ab06b9ce67470579be3112bf2b6b314012f93bfff619580b93a902d6b1221c5	libjsoncpp25_1.9.5-4_amd64.deb	http://deb.debian.org/debian/pool/main/libj/libjsoncpp/libjsoncpp25_1.9.5-4_amd64.deb
d9ba48a51fd4734aaaf3a75fd94b6352a02f9eaa88d3bec84cd0b5d3090f9d2a	librhash0_1.4.3-3_amd64.deb	http://deb.debian.org/debian/pool/main/r/rhash/librhash0_1.4.3-3_amd64.deb
204f0e13354b44e6d19317887a53dab6f26696e8d95838db970b81f2a393f7fd	libuv1_1.44.2-1+deb12u1_amd64.deb	http://deb.debian.org/debian/pool/main/libu/libuv1/libuv1_1.44.2-1%2bdeb12u1_amd64.deb
8371f9694da94fd551a3ea653e2e25d99747471ca0b48cc029bf5c792ea590a3	cmake-data_3.25.1-1_all.deb	http://deb.debian.org/debian/pool/main/c/cmake/cmake-data_3.25.1-1_all.deb
257a11063855f09e48696057fdb1ba2bcf1069502e0302576831dc2fb1571d7f	cmake_3.25.1-1_amd64.deb	http://deb.debian.org/debian/pool/main/c/cmake/cmake_3.25.1-1_amd64.deb
0dd9b6bf7a0bd11af2d68a52ec44c2a223fa7c11f9104c36ce1047e1137d4a8f	curl_7.88.1-10+deb12u15_amd64.deb	http://deb.debian.org/debian/pool/main/c/curl/curl_7.88.1-10%2bdeb12u15_amd64.deb
539c1a013e6e90800b4c37877cf871e7583791b486a39e23f2466906bbe5061f	libfakeroot_1.31-1.2_amd64.deb	http://deb.debian.org/debian/pool/main/f/fakeroot/libfakeroot_1.31-1.2_amd64.deb
194fd3750e6d647f300045a266c20cc3a3d47f84fd2fc8ff8830c55098b63c0d	fakeroot_1.31-1.2_amd64.deb	http://deb.debian.org/debian/pool/main/f/fakeroot/fakeroot_1.31-1.2_amd64.deb
8892669e51aab4dc56682c8e39d8ddb7d70fad83c369344e1e240bf3ca22bb76	fonts-dejavu-core_2.37-6_all.deb	http://deb.debian.org/debian/pool/main/f/fonts-dejavu/fonts-dejavu-core_2.37-6_all.deb
281c66e46b95f045a0282a6c7a03b33de0e9a08d016897a759aaf4a04adfddbe	fontconfig-config_2.14.1-4_amd64.deb	http://deb.debian.org/debian/pool/main/f/fontconfig/fontconfig-config_2.14.1-4_amd64.deb
bf430ecf80f7808704e0187cddc582fd57fc98789ea356d4797651edad387ef3	libcurl3-gnutls_7.88.1-10+deb12u15_amd64.deb	http://deb.debian.org/debian/pool/main/c/curl/libcurl3-gnutls_7.88.1-10%2bdeb12u15_amd64.deb
5a466348531b9c38c8e5ccb18c231f27a98b9fdab61b37ea22592553de5d2ced	liberror-perl_0.17029-2_all.deb	http://deb.debian.org/debian/pool/main/libe/liberror-perl/liberror-perl_0.17029-2_all.deb
904dbd8dbc3db34c6780fb0abfe35816d4a90a490126ef0a055a77a0c5dcab82	git-man_1%3a2.39.5-0+deb12u3_all.deb	http://deb.debian.org/debian/pool/main/g/git/git-man_2.39.5-0%2bdeb12u3_all.deb
637a85ddd6247fab13bdd0592f2f39aff04ce4dbf0655d3ab553ac359a38ce6f	git_1%3a2.39.5-0+deb12u3_amd64.deb	http://deb.debian.org/debian/pool/main/g/git/git_2.39.5-0%2bdeb12u3_amd64.deb
40dd7a2ed22fb227f2b600724fc7d5c940aa1d4c658f0e8a134bcc914725a4d8	icu-devtools_72.1-3+deb12u1_amd64.deb	http://deb.debian.org/debian/pool/main/i/icu/icu-devtools_72.1-3%2bdeb12u1_amd64.deb
59ecfce6d88c7c4b09496ce182b3b8303e8e8477664e009b16ae83a09cd12be7	libonig5_6.9.8-1_amd64.deb	http://deb.debian.org/debian/pool/main/libo/libonig/libonig5_6.9.8-1_amd64.deb
f501b6349a3c2462af59e7a598ebd71e7889de46c9ddf852eb12ebeba7df21a2	libjq1_1.6-2.1+deb12u2_amd64.deb	http://deb.debian.org/debian/pool/main/j/jq/libjq1_1.6-2.1%2bdeb12u2_amd64.deb
f2303584378ac85f6d3a9ae8e46412196061681e81610d3b020abe4b5d389eb0	jq_1.6-2.1+deb12u2_amd64.deb	http://deb.debian.org/debian/pool/main/j/jq/jq_1.6-2.1%2bdeb12u2_amd64.deb
2af9a760c2b3dce0a432d78076ca98d3ba8f8070cadb3e5898aa0368ba1fceef	libc6-i386_2.36-9+deb12u14_amd64.deb	http://deb.debian.org/debian/pool/main/g/glibc/libc6-i386_2.36-9%2bdeb12u14_amd64.deb
444f5cfe376116b029bcdb768290b8f7b934970f17c4a3ec85a46073413b2588	lib32gcc-s1_12.2.0-14+deb12u1_amd64.deb	http://deb.debian.org/debian/pool/main/g/gcc-12/lib32gcc-s1_12.2.0-14%2bdeb12u1_amd64.deb
166e95ede55760377aeff52aece71d18bd1fc319df1642d6746c5b55ad89dfaa	lib32stdc++6_12.2.0-14+deb12u1_amd64.deb	http://deb.debian.org/debian/pool/main/g/gcc-12/lib32stdc%2b%2b6_12.2.0-14%2bdeb12u1_amd64.deb
3fb1a98ff3a1b7b27cd3b2544e033af3bc3419d82f33bbe3f3d5faa07b400eb5	libabsl20220623_20220623.1-1+deb12u2_amd64.deb	http://deb.debian.org/debian/pool/main/a/abseil/libabsl20220623_20220623.1-1%2bdeb12u2_amd64.deb
3a8b61891f0ce9bd310088ce2d269d63b5afd88b9196fa4f046fd890faea4a17	libalgorithm-diff-perl_1.201-1_all.deb	http://deb.debian.org/debian/pool/main/liba/libalgorithm-diff-perl/libalgorithm-diff-perl_1.201-1_all.deb
7038b4d856aff8b4054f879c488c1298db5a83ecfa6280f85706f20e2e1935f1	libalgorithm-diff-xs-perl_0.04-8+b1_amd64.deb	http://deb.debian.org/debian/pool/main/liba/libalgorithm-diff-xs-perl/libalgorithm-diff-xs-perl_0.04-8%2bb1_amd64.deb
46dbe02369411b46f676ddb55fa8ee3a98f7a15607ddab785979c25bacb5d7db	libalgorithm-merge-perl_0.08-5_all.deb	http://deb.debian.org/debian/pool/main/liba/libalgorithm-merge-perl/libalgorithm-merge-perl_0.08-5_all.deb
0d306f250a365d5309f0f616c5327ebe7cb80cc48332dd3a7fe18c036056f874	libaom3_3.6.0-1+deb12u3_amd64.deb	http://deb.debian.org/debian-security/pool/updates/main/a/aom/libaom3_3.6.0-1%2bdeb12u3_amd64.deb
197f08108242177aeae4c04aac11825c39b7d18598191ab769f910687ccb387f	libdav1d6_1.0.0-2+deb12u1_amd64.deb	http://deb.debian.org/debian/pool/main/d/dav1d/libdav1d6_1.0.0-2%2bdeb12u1_amd64.deb
4cf64c4e1168f3c7e858bb4a71f2c5bea9a36dd448cdcc2154a551ac146e293b	libgav1-1_0.18.0-1+b1_amd64.deb	http://deb.debian.org/debian/pool/main/libg/libgav1/libgav1-1_0.18.0-1%2bb1_amd64.deb
c266adb3545b0b8ff6450dbd09f85f19361bf5bc9290ddf2e869f040cb9725b7	librav1e0_0.5.1-6_amd64.deb	http://deb.debian.org/debian/pool/main/r/rust-rav1e/librav1e0_0.5.1-6_amd64.deb
e0f6e357f327e80f26438dcda9c9304c43e2f3343359c6a5075d0b10ddfdb05d	libsvtav1enc1_1.4.1+dfsg-1_amd64.deb	http://deb.debian.org/debian/pool/main/s/svt-av1/libsvtav1enc1_1.4.1%2bdfsg-1_amd64.deb
95ec30140789a342add8f8371ed018924de51b539056522b66f207b25cba9cad	libjpeg62-turbo_1%3a2.1.5-2_amd64.deb	http://deb.debian.org/debian/pool/main/libj/libjpeg-turbo/libjpeg62-turbo_2.1.5-2_amd64.deb
48225793c486310600459d08a417dca0c28cbaf184047c09c82aff19107aa6f2	libyuv0_0.0~git20230123.b2528b0-1_amd64.deb	http://deb.debian.org/debian/pool/main/liby/libyuv/libyuv0_0.0%7egit20230123.b2528b0-1_amd64.deb
c79d57f0f62d67d2353765592fb4f519119392befa53d27a34c9d0348cd580a3	libavif15_0.11.1-1+deb12u1_amd64.deb	http://deb.debian.org/debian/pool/main/liba/libavif/libavif15_0.11.1-1%2bdeb12u1_amd64.deb
a56d64bfaa9da12aafb83347909e62e6fd5fd251e6b34c194065911a30359978	libpng16-16_1.6.39-2+deb12u5_amd64.deb	http://deb.debian.org/debian/pool/main/libp/libpng1.6/libpng16-16_1.6.39-2%2bdeb12u5_amd64.deb
8043e479f73f29992d652e3f9dfe8b17f9780c7ea6330afe379ec5f9f188ac44	libfreetype6_2.12.1+dfsg-5+deb12u4_amd64.deb	http://deb.debian.org/debian/pool/main/f/freetype/libfreetype6_2.12.1%2bdfsg-5%2bdeb12u4_amd64.deb
16ee38d374e064f534116dc442b086ef26f9831f1c0af7e5fb4fe4512e700649	libfontconfig1_2.14.1-4_amd64.deb	http://deb.debian.org/debian/pool/main/f/fontconfig/libfontconfig1_2.14.1-4_amd64.deb
cef2a550eb3aa0f7d01799a3ab5d5c10b48d0184c41d23ebdefd2e43f0800f42	libde265-0_1.0.11-1+deb12u2_amd64.deb	http://deb.debian.org/debian/pool/main/libd/libde265/libde265-0_1.0.11-1%2bdeb12u2_amd64.deb
9cd87d1b0c56f34f51bcbe8bdb55ebb45dd08ce6c0c6ff2dc77378bac3f64cc0	libx265-199_3.5-2+b1_amd64.deb	http://deb.debian.org/debian/pool/main/x/x265/libx265-199_3.5-2%2bb1_amd64.deb
13a0a3a6e22ddf5eb891b7c7873ace79f13f2c96473576e5f7da2ae3228a2113	libheif1_1.15.1-1+deb12u1_amd64.deb	http://deb.debian.org/debian/pool/main/libh/libheif/libheif1_1.15.1-1%2bdeb12u1_amd64.deb
3d4b39f94317b64a860db8a7a8b581b555124cd461fe07ec0d347edbdb9f6683	libdeflate0_1.14-1_amd64.deb	http://deb.debian.org/debian/pool/main/libd/libdeflate/libdeflate0_1.14-1_amd64.deb
6b07c77b700a615642888a82ba92a7e7c429d04b9c8669c62b2263f15c4c4059	libjbig0_2.1-6.1_amd64.deb	http://deb.debian.org/debian/pool/main/j/jbigkit/libjbig0_2.1-6.1_amd64.deb
771f5c47ca69f24ca61e4be0c98c5912b182ce442f921697d17a472f3ded5c9c	liblerc4_4.0.0+ds-2_amd64.deb	http://deb.debian.org/debian/pool/main/l/lerc/liblerc4_4.0.0%2bds-2_amd64.deb
7259b7ce46444694ce536360ad53acb68eb3b47a7ff81d7b1b8a3939b2ac9918	libwebp7_1.2.4-0.2+deb12u1_amd64.deb	http://deb.debian.org/debian/pool/main/libw/libwebp/libwebp7_1.2.4-0.2%2bdeb12u1_amd64.deb
255cd1d9f204355c366638ee21756234a8d43c03a3de18a5af6cdd94765b5053	libtiff6_4.5.0-6+deb12u4_amd64.deb	http://deb.debian.org/debian/pool/main/t/tiff/libtiff6_4.5.0-6%2bdeb12u4_amd64.deb
679db1c4579ec7c61079adeaae8528adeb2e4bf5465baa6c56233b995d714750	libxau6_1%3a1.0.9-1_amd64.deb	http://deb.debian.org/debian/pool/main/libx/libxau/libxau6_1.0.9-1_amd64.deb
ecb8536f5fb34543b55bb9dc5f5b14c9dbb4150a7bddb3f2287b7cab6e9d25ef	libxdmcp6_1%3a1.1.2-3_amd64.deb	http://deb.debian.org/debian/pool/main/libx/libxdmcp/libxdmcp6_1.1.2-3_amd64.deb
fdc61332a3892168f3cc9cfa1fe9cf11a91dc3e0acacbc47cbc50ebaa234cc71	libxcb1_1.15-1_amd64.deb	http://deb.debian.org/debian/pool/main/libx/libxcb/libxcb1_1.15-1_amd64.deb
987a848aeb1c358e4186368871b0526f10bb14c6b53214ab3bf8b69abb830191	libx11-data_2%3a1.8.4-2+deb12u2_all.deb	http://deb.debian.org/debian/pool/main/libx/libx11/libx11-data_1.8.4-2%2bdeb12u2_all.deb
d88c973e79fd9b65838d77624142952757e47a6eb1a58602acf0911cf35989f4	libx11-6_2%3a1.8.4-2+deb12u2_amd64.deb	http://deb.debian.org/debian/pool/main/libx/libx11/libx11-6_1.8.4-2%2bdeb12u2_amd64.deb
505400598dcda712380f2e4a73b09b015a3fedf78bd874f6429622c448e249f9	libxpm4_1%3a3.5.12-1.1+deb12u1_amd64.deb	http://deb.debian.org/debian/pool/main/libx/libxpm/libxpm4_3.5.12-1.1%2bdeb12u1_amd64.deb
5f0eb24030d8b0ac89cee47925d11264bfd3de593ae17950a7265148fa576b27	libgd3_2.3.3-9+deb12u1_amd64.deb	http://deb.debian.org/debian-security/pool/updates/main/libg/libgd2/libgd3_2.3.3-9%2bdeb12u1_amd64.deb
3c073eb3a30e9ef8f3673f6a554e66c9f556cacabbcca7ac785659ac4d210549	libc-devtools_2.36-9+deb12u14_amd64.deb	http://deb.debian.org/debian/pool/main/g/glibc/libc-devtools_2.36-9%2bdeb12u14_amd64.deb
203c676f8367fb0cc1630f7196f834248eb0f9de0770072042dc466f1b75f419	libclang-14-dev_1%3a14.0.6-12_amd64.deb	http://deb.debian.org/debian/pool/main/l/llvm-toolchain-14/libclang-14-dev_14.0.6-12_amd64.deb
4e086b9aabe3e7d73be702b137265a756c27dae479a4f5877de82291e53ee13f	libclang-dev_1%3a14.0-55.7~deb12u1_amd64.deb	http://deb.debian.org/debian/pool/main/l/llvm-defaults/libclang-dev_14.0-55.7%7edeb12u1_amd64.deb
180c4d27fdc912e2e5de21f383aff07d27e1745c34591a41e4d12ff70be54764	libclang-rt-14-dev_1%3a14.0.6-12_amd64.deb	http://deb.debian.org/debian/pool/main/l/llvm-toolchain-14/libclang-rt-14-dev_14.0.6-12_amd64.deb
872464dcd1aa3538e417e177f74a4c549b19313acaa1fe9465d32b936e9ef8eb	libclang-rt-19-dev_1%3a19.1.7-3~deb12u1_amd64.deb	http://deb.debian.org/debian/pool/main/l/llvm-toolchain-19/libclang-rt-19-dev_19.1.7-3%7edeb12u1_amd64.deb
6cca09767e94e4b5d2888ef31ad797bd3e7cec27fbbe98b49b10d4884746ce77	libnspr4_2%3a4.35-1_amd64.deb	http://deb.debian.org/debian/pool/main/n/nspr/libnspr4_4.35-1_amd64.deb
666bce4768414a6a79d2dacb1549f922cedb1facd373790a477e12739878284e	libnss3_2%3a3.87.1-1+deb12u4_amd64.deb	http://deb.debian.org/debian-security/pool/updates/main/n/nss/libnss3_3.87.1-1%2bdeb12u4_amd64.deb
5097968e9c8e70d5a1cb30daec2896ed0a9b5c4fc4664066975cb1813b267c5c	nss-plugin-pem_1.0.8+1-1_amd64.deb	http://deb.debian.org/debian/pool/main/n/nss-pem/nss-plugin-pem_1.0.8%2b1-1_amd64.deb
6c361b5ffedbb58f15b65ea1c4ed9c7c9656bbc9ffcd730ce8c1af3c9a234e2b	libcurl3-nss_7.88.1-10+deb12u15_amd64.deb	http://deb.debian.org/debian/pool/main/c/curl/libcurl3-nss_7.88.1-10%2bdeb12u15_amd64.deb
89fb890aee5148f4d308a46cd8980a54fd44135f068f05b38a6ad06800bf6df3	libffi-dev_3.4.4-1_amd64.deb	http://deb.debian.org/debian/pool/main/libf/libffi/libffi-dev_3.4.4-1_amd64.deb
68aa3b3bdac8b34802df7e2e950bae64c40aa6c2b24fed356b832968f8305aa0	libfile-fcntllock-perl_0.22-4+b1_amd64.deb	http://deb.debian.org/debian/pool/main/libf/libfile-fcntllock-perl/libfile-fcntllock-perl_0.22-4%2bb1_amd64.deb
63d38775d20c425c1f00914b52167ae0e3b4639facdb0aa734877279fb716fbb	libgfortran5_12.2.0-14+deb12u1_amd64.deb	http://deb.debian.org/debian/pool/main/g/gcc-12/libgfortran5_12.2.0-14%2bdeb12u1_amd64.deb
2ac1236547360284e9e154ad11a14564db65175bd4da393ec652ac1b2dc43571	libgpm2_1.20.7-10+b1_amd64.deb	http://deb.debian.org/debian/pool/main/g/gpm/libgpm2_1.20.7-10%2bb1_amd64.deb
08bd4e3f4bd4fc725cf25e739edf0e7df5ac1826bdac9a7d990eea8f93b2d7a0	libicu-dev_72.1-3+deb12u1_amd64.deb	http://deb.debian.org/debian/pool/main/i/icu/libicu-dev_72.1-3%2bdeb12u1_amd64.deb
72300f09f02669c06c99b641ea795d52300ec7eb65eaccddf7bc3b72934f0ef5	libncurses6_6.4-4_amd64.deb	http://deb.debian.org/debian/pool/main/n/ncurses/libncurses6_6.4-4_amd64.deb
2ad228835756feb118bb131b32834bd23a09047e4de408cc5204cbb5dce0e4bb	libncurses-dev_6.4-4_amd64.deb	http://deb.debian.org/debian/pool/main/n/ncurses/libncurses-dev_6.4-4_amd64.deb
4f7e4561dbfa9286c671c91350204fbda7afad675500e59cd4a56f84604844f8	libopenblas0-pthread_0.3.21+ds-4_amd64.deb	http://deb.debian.org/debian/pool/main/o/openblas/libopenblas0-pthread_0.3.21%2bds-4_amd64.deb
58b3904ef4cee6fbe48a72cb0cf8badce50ac9a5e96d1852b2d1c677074be520	libopenblas0_0.3.21+ds-4_amd64.deb	http://deb.debian.org/debian/pool/main/o/openblas/libopenblas0_0.3.21%2bds-4_amd64.deb
71325c822115f962bfe85c529f3b839e67f0fb6127f0918ebc2bd6ea3d527950	libopenblas-pthread-dev_0.3.21+ds-4_amd64.deb	http://deb.debian.org/debian/pool/main/o/openblas/libopenblas-pthread-dev_0.3.21%2bds-4_amd64.deb
925d1dea1ad6b1700161b9a9952934b54a1484f7ac760bf30ddf9c7996583bc2	libopenblas-dev_0.3.21+ds-4_amd64.deb	http://deb.debian.org/debian/pool/main/o/openblas/libopenblas-dev_0.3.21%2bds-4_amd64.deb
739c1255e9f39f6b094780ed02665eeb58abe5cfa7a156d83dfac45c34e8fe87	libpfm4_4.13.0-1_amd64.deb	http://deb.debian.org/debian/pool/main/libp/libpfm4/libpfm4_4.13.0-1_amd64.deb
da01fb901123ae498c36387a32240e09e1f2866810146c5a574273f7eaf31093	libpkgconf3_1.8.1-1_amd64.deb	http://deb.debian.org/debian/pool/main/p/pkgconf/libpkgconf3_1.8.1-1_amd64.deb
43ef5c109056b1507a0972631ee8292e727029aeda1516b4672cb041730ae3af	libssl-dev_3.0.20-1~deb12u2_amd64.deb	http://deb.debian.org/debian/pool/main/o/openssl/libssl-dev_3.0.20-1%7edeb12u2_amd64.deb
e1935c2006661f1cda0bfd35f12ea30f9d64a110f30a074d512efe6c9466bf86	libtinfo-dev_6.4-4_amd64.deb	http://deb.debian.org/debian/pool/main/n/ncurses/libtinfo-dev_6.4-4_amd64.deb
504b7be9d7df4f6f4519e8dd4d6f9d03a9fb911a78530fa23a692fba3058cba6	libxext6_2%3a1.3.4-1+b1_amd64.deb	http://deb.debian.org/debian/pool/main/libx/libxext/libxext6_1.3.4-1%2bb1_amd64.deb
e8ceacf656b1720e7a310e1d159439a356bfcb9f5fb0325907f26aa8590e5f70	libxml2-dev_2.9.14+dfsg-1.3~deb12u6_amd64.deb	http://deb.debian.org/debian/pool/main/libx/libxml2/libxml2-dev_2.9.14%2bdfsg-1.3%7edeb12u6_amd64.deb
983ca41d506fa159536cd584118855748763f5f5a3b5949206bee4a62ec0cbf9	libxmuu1_2%3a1.1.3-3_amd64.deb	http://deb.debian.org/debian/pool/main/libx/libxmu/libxmuu1_1.1.3-3_amd64.deb
207b539919a47c85bcf738677f0ccf5bbac9844f2d3f158696f518be4c4ba6c4	libyaml-0-2_0.2.5-1_amd64.deb	http://deb.debian.org/debian/pool/main/liby/libyaml/libyaml-0-2_0.2.5-1_amd64.deb
192fba243172c8a9d7d00b5fc255e0592e51694dc8295f814ccd307efda34d5a	libz3-dev_4.8.12-3.1_amd64.deb	http://deb.debian.org/debian/pool/main/z/z3/libz3-dev_4.8.12-3.1_amd64.deb
d9284f6434963a5d338c0851967adfb383182f513f0b1c8135b26cd7af5b2834	llvm-14-runtime_1%3a14.0.6-12_amd64.deb	http://deb.debian.org/debian/pool/main/l/llvm-toolchain-14/llvm-14-runtime_14.0.6-12_amd64.deb
228b10afde4f9cae59c8bbc4f4ea973f1f192d957c19f0427aafb78ab24e3b29	llvm-14_1%3a14.0.6-12_amd64.deb	http://deb.debian.org/debian/pool/main/l/llvm-toolchain-14/llvm-14_14.0.6-12_amd64.deb
25dfb378939ccdf27e7382adf44c168f86e22f9f1a8e6e3a2ec526431ed5e30f	python3-pkg-resources_66.1.1-1+deb12u2_all.deb	http://deb.debian.org/debian/pool/main/s/setuptools/python3-pkg-resources_66.1.1-1%2bdeb12u2_all.deb
405734a57b8d2722d10413c511d9b63ee78bbbdab8b2b689d7295260bc9618a2	python3-pygments_2.14.0+dfsg-1_all.deb	http://deb.debian.org/debian/pool/main/p/pygments/python3-pygments_2.14.0%2bdfsg-1_all.deb
8d0db0b3099298fe039b94e4c52a6987798a90d23b80de3ac13c3cb75cf622a2	python3-yaml_6.0-3+b2_amd64.deb	http://deb.debian.org/debian/pool/main/p/pyyaml/python3-yaml_6.0-3%2bb2_amd64.deb
d8944819057332993f6257a81734539870c00e8f381111fc55e0da76f8e0bd96	llvm-14-tools_1%3a14.0.6-12_amd64.deb	http://deb.debian.org/debian/pool/main/l/llvm-toolchain-14/llvm-14-tools_14.0.6-12_amd64.deb
6c71241d22d0c0d7515f3dee3f5f2cad5566e35dca8796d55937375b6fcc27f6	llvm-14-dev_1%3a14.0.6-12_amd64.deb	http://deb.debian.org/debian/pool/main/l/llvm-toolchain-14/llvm-14-dev_14.0.6-12_amd64.deb
14438dffd5b6da5edd4e3ba3131663ed1d1db3d02933bcc6b7920f990f060090	llvm-19-runtime_1%3a19.1.7-3~deb12u1_amd64.deb	http://deb.debian.org/debian/pool/main/l/llvm-toolchain-19/llvm-19-runtime_19.1.7-3%7edeb12u1_amd64.deb
f91492c5b361ff12f540b9f6145cf638b5e0fb3f145fceabd6c4b9540eab4bf9	llvm-19_1%3a19.1.7-3~deb12u1_amd64.deb	http://deb.debian.org/debian/pool/main/l/llvm-toolchain-19/llvm-19_19.1.7-3%7edeb12u1_amd64.deb
49d8676e75116e0526c7d93c87e7c39f86c1bf335e7cc594497a03e1713ec63a	llvm-19-tools_1%3a19.1.7-3~deb12u1_amd64.deb	http://deb.debian.org/debian/pool/main/l/llvm-toolchain-19/llvm-19-tools_19.1.7-3%7edeb12u1_amd64.deb
05d3347ff02b6d55189f1e4ab5e946d3713677a04588a775100f218a349d02cf	llvm-19-dev_1%3a19.1.7-3~deb12u1_amd64.deb	http://deb.debian.org/debian/pool/main/l/llvm-toolchain-19/llvm-19-dev_19.1.7-3%7edeb12u1_amd64.deb
96f55cb5e26231d5567c89b692bced63825a14a2d5bd18fdf16ea2ed44eb9838	manpages-dev_6.03-2_all.deb	http://deb.debian.org/debian/pool/main/m/manpages/manpages-dev_6.03-2_all.deb
8fb5a8f83e46ad04b4cf02651ceec56c0611a335cf0d30780d859a95d0400174	pkgconf-bin_1.8.1-1_amd64.deb	http://deb.debian.org/debian/pool/main/p/pkgconf/pkgconf-bin_1.8.1-1_amd64.deb
4e3ce982b5fedc6c6119268435504a64f5ffcc6d93aaecaea902d816eba1215f	pkgconf_1.8.1-1_amd64.deb	http://deb.debian.org/debian/pool/main/p/pkgconf/pkgconf_1.8.1-1_amd64.deb
312b2bdeff4671f8e0d589c124554890e944dd083061e9ad6f129bc76a970765	pkg-config_1.8.1-1_amd64.deb	http://deb.debian.org/debian/pool/main/p/pkgconf/pkg-config_1.8.1-1_amd64.deb
9d02f654bdf280a6622a9b1371f7a1fa44546702d11991e438558bc259df7b69	psmisc_23.6-1_amd64.deb	http://deb.debian.org/debian/pool/main/p/psmisc/psmisc_23.6-1_amd64.deb
791c92c681a3cefcc9721445dc8a301a1a3cb3eef40ac2c16a4d9dd9ad5a42d7	publicsuffix_20230209.2326-1_all.deb	http://deb.debian.org/debian/pool/main/p/publicsuffix/publicsuffix_20230209.2326-1_all.deb
57d6348f392c77ccc3fdc5874c527df18df8be702814b13d1151352b28e29145	xauth_1%3a1.1.2-1_amd64.deb	http://deb.debian.org/debian/pool/main/x/xauth/xauth_1.1.2-1_amd64.deb
