20d7151b73d17016714ebecad4f2d1edfdb29d2432659deca5e44c2ea00a59d4	libpq-dev_18.6-1.pgdg13+2_arm64.deb	https://apt.postgresql.org/pub/repos/apt/pool/main/p/postgresql-18/libpq-dev_18.6-1.pgdg13%2b2_arm64.deb
bb88940b9d12e11e166e8f7dedd30859f3396d4027e00979e0a19dd41fff7f3a	postgresql-server-dev-18_18.6-1.pgdg13+2_arm64.deb	https://apt.postgresql.org/pub/repos/apt/pool/main/p/postgresql-18/postgresql-server-dev-18_18.6-1.pgdg13%2b2_arm64.deb
266ea878fb40719dc0afd6c2bfe9b728f7aaf2d6bbb7bc1bbb5bc40dea776da8	libpipeline1_1.5.8-1_arm64.deb	http://deb.debian.org/debian/pool/main/libp/libpipeline/libpipeline1_1.5.8-1_arm64.deb
25315b70f30c153b13f7cadb3e48424c4595fb4604f7e61b9d707c3ed32097d4	binfmt-support_2.2.2-7+b1_arm64.deb	http://deb.debian.org/debian/pool/main/b/binfmt-support/binfmt-support_2.2.2-7%2bb1_arm64.deb
c3248c4beb721c8290e6e34527ae56b1fc965aa6a14982ca602df4458ef0854e	libexpat1_2.8.3-1~deb13u1_arm64.deb	http://deb.debian.org/debian/pool/main/e/expat/libexpat1_2.8.3-1%7edeb13u1_arm64.deb
77a243d34072040668a91b06d309ea760428038b41dd39e366b5e32fab5b5ce9	liblocale-gettext-perl_1.07-7+b1_arm64.deb	http://deb.debian.org/debian/pool/main/libl/liblocale-gettext-perl/liblocale-gettext-perl_1.07-7%2bb1_arm64.deb
3655ef258b19142cf6fe38ef89731d5c630b2cf3309632494a720b28c1cfcd85	libpython3.13-minimal_3.13.5-2+deb13u5_arm64.deb	http://deb.debian.org/debian/pool/main/p/python3.13/libpython3.13-minimal_3.13.5-2%2bdeb13u5_arm64.deb
95237a3ad99bf9366308e16f7c79449c9371c4cff9c883772fb7c254652467eb	python3.13-minimal_3.13.5-2+deb13u5_arm64.deb	http://deb.debian.org/debian/pool/main/p/python3.13/python3.13-minimal_3.13.5-2%2bdeb13u5_arm64.deb
b1dff61d3e68c83c747b03399356ba707d491bcaf6e495b575d46be3143cdec8	python3-minimal_3.13.5-1_arm64.deb	http://deb.debian.org/debian/pool/main/p/python3-defaults/python3-minimal_3.13.5-1_arm64.deb
0788e4b0b72db1bcf74a19cb24c3511e7770ad0b341f0f30e361701c3072f53e	media-types_13.0.0_all.deb	http://deb.debian.org/debian/pool/main/m/media-types/media-types_13.0.0_all.deb
d1178d24e4d143cc6c577d9dc0f26dd982efccc2e600d25ce86361f168a22be0	libpython3.13-stdlib_3.13.5-2+deb13u5_arm64.deb	http://deb.debian.org/debian/pool/main/p/python3.13/libpython3.13-stdlib_3.13.5-2%2bdeb13u5_arm64.deb
3d027394c6afd08a2663c3da588824aa9ee0c54e3c2b4382bb9f644584bc99a1	python3.13_3.13.5-2+deb13u5_arm64.deb	http://deb.debian.org/debian/pool/main/p/python3.13/python3.13_3.13.5-2%2bdeb13u5_arm64.deb
0e5b09b3c90f34399a357c32e1be08a3f31b39d3c615464f00354b309f82e732	libpython3-stdlib_3.13.5-1_arm64.deb	http://deb.debian.org/debian/pool/main/p/python3-defaults/libpython3-stdlib_3.13.5-1_arm64.deb
8d5be256bf3bb4f07afce1aa86f0595c6939e1a6c2ea939bdcb7b36351cbe021	python3_3.13.5-1_arm64.deb	http://deb.debian.org/debian/pool/main/p/python3-defaults/python3_3.13.5-1_arm64.deb
dbce2dd7c649fc7a4273f173c8260fc595b05c56cc2ea859298fbb96d6749fed	less_668-1_arm64.deb	http://deb.debian.org/debian/pool/main/l/less/less_668-1_arm64.deb
e94b49cbfeccbf620effb20f4e9968bbbe6a5acbe0a5d7140ba394249060464a	bash-completion_1%3a2.16.0-7_all.deb	http://deb.debian.org/debian/pool/main/b/bash-completion/bash-completion_2.16.0-7_all.deb
9fa8514c3fb3f363e7fa8bc85f699aaf15e747afaf220c57b978e9b74fd568bc	bzip2_1.0.8-6_arm64.deb	http://deb.debian.org/debian/pool/main/b/bzip2/bzip2_1.0.8-6_arm64.deb
91b7df0b4bd4e1a3b8ba5b229abd844e03f4c82c45ccb8c964a035190c29a501	manpages_6.9.1-1_all.deb	http://deb.debian.org/debian/pool/main/m/manpages/manpages_6.9.1-1_all.deb
496c31df89fac9cb7e98102fcc21daf887376dcd9914f6322c86dd5bd4360ff1	libedit2_3.1-20250104-1_arm64.deb	http://deb.debian.org/debian/pool/main/libe/libedit/libedit2_3.1-20250104-1_arm64.deb
5e129095192ff766884e5ed13260644e510d20ed6b4facc47809bf2cb630117d	libcbor0.10_0.10.2-2_arm64.deb	http://deb.debian.org/debian/pool/main/libc/libcbor/libcbor0.10_0.10.2-2_arm64.deb
510f81957f2905c57d3d8681c3ed9bf68a17bfb254d721a578c88edd8158477c	libfido2-1_1.15.0-1+b1_arm64.deb	http://deb.debian.org/debian/pool/main/libf/libfido2/libfido2-1_1.15.0-1%2bb1_arm64.deb
e900c13c9a5267714fc2c2c1f369fe4a667c7dd4031266b1480250320f0bfcfb	openssh-client_1%3a10.0p1-7+deb13u4_arm64.deb	http://deb.debian.org/debian/pool/main/o/openssh/openssh-client_10.0p1-7%2bdeb13u4_arm64.deb
07b6145c6c934d744c712c252b293ce506d427ea127c7f77b711c518aead54b3	xz-utils_5.8.1-1+deb13u1_arm64.deb	http://deb.debian.org/debian/pool/main/x/xz-utils/xz-utils_5.8.1-1%2bdeb13u1_arm64.deb
d4a90764fa79858347aaa3197bc4489404f005d9cdbea9b2ec75a607ea5ff518	libsframe1_2.44-3_arm64.deb	http://deb.debian.org/debian/pool/main/b/binutils/libsframe1_2.44-3_arm64.deb
f2d6b7d0b5521c4c90fc105e32819cd5268c1aa69104173b3fb856595f898249	binutils-common_2.44-3_arm64.deb	http://deb.debian.org/debian/pool/main/b/binutils/binutils-common_2.44-3_arm64.deb
c51c0cc0272202d00fc3e6da8b96bfed2a428c239b689363abddd3bac6bd7a02	libbinutils_2.44-3_arm64.deb	http://deb.debian.org/debian/pool/main/b/binutils/libbinutils_2.44-3_arm64.deb
4642014c84f3d070d889725900fbd23165189597d45deddc7bdcf9928de9e32e	libgprofng0_2.44-3_arm64.deb	http://deb.debian.org/debian/pool/main/b/binutils/libgprofng0_2.44-3_arm64.deb
7b1894cbd09bd59507af259ba680a1f5d3b68c6ba9e5d69508ea2d75b3f01be6	libctf-nobfd0_2.44-3_arm64.deb	http://deb.debian.org/debian/pool/main/b/binutils/libctf-nobfd0_2.44-3_arm64.deb
12cb7df9eafd965c00c38a8720c5b78e7b0106390f69fe180a3b3589f407d550	libctf0_2.44-3_arm64.deb	http://deb.debian.org/debian/pool/main/b/binutils/libctf0_2.44-3_arm64.deb
7938472b1ddfa8b0c8f58d5f44406ae7a77a342dbb502a02f6bf292b4f853ab0	libjansson4_2.14-2+b3_arm64.deb	http://deb.debian.org/debian/pool/main/j/jansson/libjansson4_2.14-2%2bb3_arm64.deb
79cbf1459118bce3535133ffbf1fd2adbd57af65271f95c829af5cfa7f474168	binutils-aarch64-linux-gnu_2.44-3_arm64.deb	http://deb.debian.org/debian/pool/main/b/binutils/binutils-aarch64-linux-gnu_2.44-3_arm64.deb
7228716cad15e78d1571f1cd4ec7141f64608790d0fbcba23a07f2eda6298272	binutils_2.44-3_arm64.deb	http://deb.debian.org/debian/pool/main/b/binutils/binutils_2.44-3_arm64.deb
cd4b3bdf404a01792003f4ca400bc602252ab24e0a8c53e45d474d1818dc02e3	libc-dev-bin_2.41-12+deb13u4_arm64.deb	http://deb.debian.org/debian/pool/main/g/glibc/libc-dev-bin_2.41-12%2bdeb13u4_arm64.deb
dc68dd53c7356598d005866da0d19d7bd33af2a62971aced624cdf04492902b4	linux-libc-dev_6.12.107-1_all.deb	http://deb.debian.org/debian/pool/main/l/linux/linux-libc-dev_6.12.107-1_all.deb
eec6d4658495cdb8ce505cad91e0918edb8086677f280f3851c07ccd70543054	libcrypt-dev_1%3a4.4.38-1_arm64.deb	http://deb.debian.org/debian/pool/main/libx/libxcrypt/libcrypt-dev_4.4.38-1_arm64.deb
6ae3c216e6c7d8e042ad3f122b8aa89aff56b2b5174b1c5780a7841b3becd61c	rpcsvc-proto_1.4.3-1+b1_arm64.deb	http://deb.debian.org/debian/pool/main/r/rpcsvc-proto/rpcsvc-proto_1.4.3-1%2bb1_arm64.deb
71e373cb5e9da975b02fb4af555929cb1977560e2dd8245de4eb8a7b03677a08	libc6-dev_2.41-12+deb13u4_arm64.deb	http://deb.debian.org/debian/pool/main/g/glibc/libc6-dev_2.41-12%2bdeb13u4_arm64.deb
21c490db3fa5f0a517c55090a199334da6164589772ebd922dff1e569c78515d	libisl23_0.27-1_arm64.deb	http://deb.debian.org/debian/pool/main/i/isl/libisl23_0.27-1_arm64.deb
628a4ef58cc6815880f72e9d3953984a379a017e4042bc575f1fcbf3954d79ac	libmpfr6_4.2.2-1_arm64.deb	http://deb.debian.org/debian/pool/main/m/mpfr4/libmpfr6_4.2.2-1_arm64.deb
d4cfe026a624e51641c80ef2af77387185714f62f3b5c87035e62d9ed8d9eec1	libmpc3_1.3.1-1+b3_arm64.deb	http://deb.debian.org/debian/pool/main/m/mpclib3/libmpc3_1.3.1-1%2bb3_arm64.deb
8e588ac3efe06f7784b08feac584c70e6965b74c045bae7e4e80bb42938f7dbe	cpp-14-aarch64-linux-gnu_14.2.0-19_arm64.deb	http://deb.debian.org/debian/pool/main/g/gcc-14/cpp-14-aarch64-linux-gnu_14.2.0-19_arm64.deb
0b440241f7c3e2e87f2d0f1dd36792c4e2705d38a699ed331818799f21ef9437	cpp-14_14.2.0-19_arm64.deb	http://deb.debian.org/debian/pool/main/g/gcc-14/cpp-14_14.2.0-19_arm64.deb
bd9c9f4536a0aea285c4735d2dfedff624f8457b8f1bb3d15ab924e029cd7aff	cpp-aarch64-linux-gnu_4%3a14.2.0-1_arm64.deb	http://deb.debian.org/debian/pool/main/g/gcc-defaults/cpp-aarch64-linux-gnu_14.2.0-1_arm64.deb
88b702b0fa5942a4ee52c27f1ccf6316b831357e86693b709d216ba43348172e	cpp_4%3a14.2.0-1_arm64.deb	http://deb.debian.org/debian/pool/main/g/gcc-defaults/cpp_14.2.0-1_arm64.deb
f5e390b5fd65432b820afa403a61ab4d6286948fc07ca3aacb4d230a81f5c9a5	libcc1-0_14.2.0-19_arm64.deb	http://deb.debian.org/debian/pool/main/g/gcc-14/libcc1-0_14.2.0-19_arm64.deb
43e84cb7971d8a4d8870cab6204e998ea4f23ee1339bb0ff556dd881bac82d25	libgomp1_14.2.0-19_arm64.deb	http://deb.debian.org/debian/pool/main/g/gcc-14/libgomp1_14.2.0-19_arm64.deb
d6f0255b498af876ab7bf4420672e43cbe58dcd577f0711131cbfbcbee283cdb	libitm1_14.2.0-19_arm64.deb	http://deb.debian.org/debian/pool/main/g/gcc-14/libitm1_14.2.0-19_arm64.deb
7ccff90234484bf21ae5ecb79d25b6a84b2f4038f65dd139085b2e3a937cd8dc	libatomic1_14.2.0-19_arm64.deb	http://deb.debian.org/debian/pool/main/g/gcc-14/libatomic1_14.2.0-19_arm64.deb
5621bd583a3390b45726a8eebe23601f7fad86a25193e5349976cbf17e2bc9ad	libasan8_14.2.0-19_arm64.deb	http://deb.debian.org/debian/pool/main/g/gcc-14/libasan8_14.2.0-19_arm64.deb
488a54a5fe01a926ae16d73dc7ea9f530f1bf63fae73640f741695eec2541a38	liblsan0_14.2.0-19_arm64.deb	http://deb.debian.org/debian/pool/main/g/gcc-14/liblsan0_14.2.0-19_arm64.deb
c767c05f3dade13b5780478366029f2ff32e44bea852c6a4d7a1f93f1363d3e3	libtsan2_14.2.0-19_arm64.deb	http://deb.debian.org/debian/pool/main/g/gcc-14/libtsan2_14.2.0-19_arm64.deb
b5539003465ea1e60f66b9e3a1019da182e826c82d480944f3656b12351c74c8	libubsan1_14.2.0-19_arm64.deb	http://deb.debian.org/debian/pool/main/g/gcc-14/libubsan1_14.2.0-19_arm64.deb
5a758db399fafd354b6488c4f250b7670fb1f61c31b4e4f329d0fbb750a17084	libhwasan0_14.2.0-19_arm64.deb	http://deb.debian.org/debian/pool/main/g/gcc-14/libhwasan0_14.2.0-19_arm64.deb
64b8ebc7182a69aa9525df6eab5e7eb849b947e350d821549f8a8a3e9b19e5ba	libgcc-14-dev_14.2.0-19_arm64.deb	http://deb.debian.org/debian/pool/main/g/gcc-14/libgcc-14-dev_14.2.0-19_arm64.deb
5ff736a332ba5d60ad463355ed25c8c39da1281acf9155cc2f8a55fc1d478be8	gcc-14-aarch64-linux-gnu_14.2.0-19_arm64.deb	http://deb.debian.org/debian/pool/main/g/gcc-14/gcc-14-aarch64-linux-gnu_14.2.0-19_arm64.deb
f4ba77903d7efc3c64c69a8a98c7efa8ea1ae4331521bb74abd76bcc43f1b576	gcc-14_14.2.0-19_arm64.deb	http://deb.debian.org/debian/pool/main/g/gcc-14/gcc-14_14.2.0-19_arm64.deb
c8390408ed90cc96d4fead68e313ed5ce147f1654807c23235818d535d2d7d7e	gcc-aarch64-linux-gnu_4%3a14.2.0-1_arm64.deb	http://deb.debian.org/debian/pool/main/g/gcc-defaults/gcc-aarch64-linux-gnu_14.2.0-1_arm64.deb
f543b52e29a6780a78c73cf08e551e8e524d623c1092c477cfd8beb5285a86f5	gcc_4%3a14.2.0-1_arm64.deb	http://deb.debian.org/debian/pool/main/g/gcc-defaults/gcc_14.2.0-1_arm64.deb
8760122d044cd8eb8c69426311d6b5ce7bb8f0f76e9cda1944d153ae878138f8	libstdc++-14-dev_14.2.0-19_arm64.deb	http://deb.debian.org/debian/pool/main/g/gcc-14/libstdc%2b%2b-14-dev_14.2.0-19_arm64.deb
411dac8f1c1d0293e58deddeb170c641ad82c56d51a95f056ee12ba02c24288b	g++-14-aarch64-linux-gnu_14.2.0-19_arm64.deb	http://deb.debian.org/debian/pool/main/g/gcc-14/g%2b%2b-14-aarch64-linux-gnu_14.2.0-19_arm64.deb
f4813643994aa96c527e687c9c7d01855aa5fdd86e63cc8bd05c63ecc9373796	g++-14_14.2.0-19_arm64.deb	http://deb.debian.org/debian/pool/main/g/gcc-14/g%2b%2b-14_14.2.0-19_arm64.deb
655d9a7cb70b0342f5f1bf4f2a7b0241df15d49ab9a2567445c785b7592122f9	g++-aarch64-linux-gnu_4%3a14.2.0-1_arm64.deb	http://deb.debian.org/debian/pool/main/g/gcc-defaults/g%2b%2b-aarch64-linux-gnu_14.2.0-1_arm64.deb
e4b8f8fae7c838c40b9db29251b152c9af03a4d4463388d69efdda66c4e97e79	g++_4%3a14.2.0-1_arm64.deb	http://deb.debian.org/debian/pool/main/g/gcc-defaults/g%2b%2b_14.2.0-1_arm64.deb
043219839669c431def9bb410c4a827f115ee5bf377469d55c4ed905f81f73be	make_4.4.1-2_arm64.deb	http://deb.debian.org/debian/pool/main/m/make-dfsg/make_4.4.1-2_arm64.deb
b41eaeb4879091023f8c1a058510844a244d3d0bd0f437e0e05d58213e36fd9f	libdpkg-perl_1.22.22_all.deb	http://deb.debian.org/debian/pool/main/d/dpkg/libdpkg-perl_1.22.22_all.deb
182ad723623dcd02dfe5054f3515a26d8bf4a9cce717f03e3e514c02cb9e59e8	patch_2.8-2_arm64.deb	http://deb.debian.org/debian/pool/main/p/patch/patch_2.8-2_arm64.deb
6d4020421740a70e1fb9c41b07f8bb8306d93aef6fea1a8ce11a1f839921f414	dpkg-dev_1.22.22_all.deb	http://deb.debian.org/debian/pool/main/d/dpkg/dpkg-dev_1.22.22_all.deb
3278c93c699f9c12b6f7fe8e03393aa50d1c6b1c4b35da8f15b1c7bae67dc961	build-essential_12.12_arm64.deb	http://deb.debian.org/debian/pool/main/b/build-essential/build-essential_12.12_arm64.deb
29a7b924a5a38c9ac4e2a64aa11586a9c54f26b579b18e4f75adf8f7c1106e45	libz3-4_4.13.3-1_arm64.deb	http://deb.debian.org/debian/pool/main/z/z3/libz3-4_4.13.3-1_arm64.deb
8a48e1a49f7fcc3be74e697767d72902f4b03041401d1529bcfad1849df39148	libllvm19_1%3a19.1.7-3+b1_arm64.deb	http://deb.debian.org/debian/pool/main/l/llvm-toolchain-19/libllvm19_19.1.7-3%2bb1_arm64.deb
9c0465b890bc962467043fa47dd0fc4dbb278422c3fdf7f7f0e1c3e6e8a13620	libclang-cpp19_1%3a19.1.7-3+b1_arm64.deb	http://deb.debian.org/debian/pool/main/l/llvm-toolchain-19/libclang-cpp19_19.1.7-3%2bb1_arm64.deb
58747952e7bd66396023aa8bf53f5039217fddd750b337dfa13352d4fc07f528	libgc1_1%3a8.2.8-1_arm64.deb	http://deb.debian.org/debian/pool/main/libg/libgc/libgc1_8.2.8-1_arm64.deb
2c402e31c3636f8c5be1f1c4a4716e9335e570862b7e393ade1e63bde9ff933c	libobjc4_14.2.0-19_arm64.deb	http://deb.debian.org/debian/pool/main/g/gcc-14/libobjc4_14.2.0-19_arm64.deb
b248dc482ad75e0dbe64e70a468ce61b2c167fe63420185290dd441b28cd1357	libobjc-14-dev_14.2.0-19_arm64.deb	http://deb.debian.org/debian/pool/main/g/gcc-14/libobjc-14-dev_14.2.0-19_arm64.deb
fc0f2c5ffd2b2d7cd0119ed4fb1050c5757d0ed20a4f5c0964d8d737c73b0843	libclang-common-19-dev_1%3a19.1.7-3+b1_arm64.deb	http://deb.debian.org/debian/pool/main/l/llvm-toolchain-19/libclang-common-19-dev_19.1.7-3%2bb1_arm64.deb
2538a8ea604718a02cae7ffab7ee2d537fab2e5eed256584a0bd475bddc3da39	llvm-19-linker-tools_1%3a19.1.7-3+b1_arm64.deb	http://deb.debian.org/debian/pool/main/l/llvm-toolchain-19/llvm-19-linker-tools_19.1.7-3%2bb1_arm64.deb
e0719cbb2bd6bb3b91f471d1fa41b364eae0604774db56a7b3dd8d24738a5f20	libclang1-19_1%3a19.1.7-3+b1_arm64.deb	http://deb.debian.org/debian/pool/main/l/llvm-toolchain-19/libclang1-19_19.1.7-3%2bb1_arm64.deb
4cb5d48c887e0c1071a058ae8eb30540db77379be50388fcd6b3f9ad1016d54c	clang-19_1%3a19.1.7-3+b1_arm64.deb	http://deb.debian.org/debian/pool/main/l/llvm-toolchain-19/clang-19_19.1.7-3%2bb1_arm64.deb
a9fca67115f164c782fc9acbefeffbc723b8a65efcfe97714440635c3cb4bb11	clang_1%3a19.0-63_arm64.deb	http://deb.debian.org/debian/pool/main/l/llvm-defaults/clang_19.0-63_arm64.deb
9d5673effd96d33248203facead5aab1e7e1c6f93bb2e52bde69a0d7aa3225c1	clang-tools-19_1%3a19.1.7-3+b1_arm64.deb	http://deb.debian.org/debian/pool/main/l/llvm-toolchain-19/clang-tools-19_19.1.7-3%2bb1_arm64.deb
d9060145be892f43cd1888024114ceab019c81479d4b0a3383fe14cebe2295cb	cmake-data_3.31.6-2_all.deb	http://deb.debian.org/debian/pool/main/c/cmake/cmake-data_3.31.6-2_all.deb
9dc7897bc1c83b03a69c581018010fbd9723ce199b99433639343d8b3a5bcf81	libarchive13t64_3.7.4-4+deb13u1_arm64.deb	http://deb.debian.org/debian/pool/main/liba/libarchive/libarchive13t64_3.7.4-4%2bdeb13u1_arm64.deb
10270398c4842e71c72b4081fa1761728b3225d6c8dce7c58d5baafe58a5e18f	libbrotli1_1.1.0-2+b7_arm64.deb	http://deb.debian.org/debian/pool/main/b/brotli/libbrotli1_1.1.0-2%2bb7_arm64.deb
ca222b98d5bef2193c05a1e736d0619798ba7a8f8e92526f3e1d06edcd0bf751	libnghttp2-14_1.64.0-1.1+deb13u1_arm64.deb	http://deb.debian.org/debian/pool/main/n/nghttp2/libnghttp2-14_1.64.0-1.1%2bdeb13u1_arm64.deb
26bfb8d1bead043f57d95663bab02f7611e7078fb7cf71383fa480c4b4c24d81	libnghttp3-9_1.8.0-1_arm64.deb	http://deb.debian.org/debian/pool/main/n/nghttp3/libnghttp3-9_1.8.0-1_arm64.deb
7ea03d8a7d16edce7b1b1e94980c058c0f1fb3c595eb9154b0e8590d0e7f75af	libpsl5t64_0.21.2-1.1+b1_arm64.deb	http://deb.debian.org/debian/pool/main/libp/libpsl/libpsl5t64_0.21.2-1.1%2bb1_arm64.deb
20d52d20c4834158e956ae8e1d42a61d22330062052116d5422daa2d3b1d433b	librtmp1_2.4+20151223.gitfa8646d.1-2+b5_arm64.deb	http://deb.debian.org/debian/pool/main/r/rtmpdump/librtmp1_2.4%2b20151223.gitfa8646d.1-2%2bb5_arm64.deb
245565f4ce5493d67a3c54e26bc3d9cf28b1b70eeb912de7cda61af52268017d	libssh2-1t64_1.11.1-1+deb13u2_arm64.deb	http://deb.debian.org/debian/pool/main/libs/libssh2/libssh2-1t64_1.11.1-1%2bdeb13u2_arm64.deb
af72e1cd69240a42a76a578e6902b65f9fa641f5e7352e4bfa0ec5aa38d25204	libcurl4t64_8.14.1-2+deb13u5_arm64.deb	http://deb.debian.org/debian/pool/main/c/curl/libcurl4t64_8.14.1-2%2bdeb13u5_arm64.deb
346da1614a66ae07549243f2abf1dc5fdcc590a4ccb408458b5ea7ef7997477d	libjsoncpp26_1.9.6-3_arm64.deb	http://deb.debian.org/debian/pool/main/libj/libjsoncpp/libjsoncpp26_1.9.6-3_arm64.deb
3bee5b995ee3219779d0f50b2622b0fbc05bb89c69fa833c83d685a3c88aa73d	librhash1_1.4.5-1_arm64.deb	http://deb.debian.org/debian/pool/main/r/rhash/librhash1_1.4.5-1_arm64.deb
a9be0f24d7686ba94a6ef4f3c638079c6b39c4263306860d51046c4125d065f4	libuv1t64_1.50.0-2_arm64.deb	http://deb.debian.org/debian/pool/main/libu/libuv1/libuv1t64_1.50.0-2_arm64.deb
983aa00debd072f7bfae69f93b1b9e4628da0a914c3745b9022e4cd60215493b	cmake_3.31.6-2_arm64.deb	http://deb.debian.org/debian/pool/main/c/cmake/cmake_3.31.6-2_arm64.deb
3ea9ea868ffaddb2aba840b52dcd1e59b74dbe625f0c4c4e2458c9d01bc03e6f	curl_8.14.1-2+deb13u5_arm64.deb	http://deb.debian.org/debian/pool/main/c/curl/curl_8.14.1-2%2bdeb13u5_arm64.deb
418dd0c1c6c45011476f66da625f72b6cf72b45dcd838b631c2c7ed1ba0fb09c	libfakeroot_1.37.1.1-1_arm64.deb	http://deb.debian.org/debian/pool/main/f/fakeroot/libfakeroot_1.37.1.1-1_arm64.deb
12033a4b5d561769b89cea9346b94e516e03863b3d7180c24f0dd178d50606df	fakeroot_1.37.1.1-1_arm64.deb	http://deb.debian.org/debian/pool/main/f/fakeroot/fakeroot_1.37.1.1-1_arm64.deb
1ced2874229e4a503060c244730baf75e61b1d5444472b10e5022f1594f4ab88	libngtcp2-16_1.11.0-1+deb13u1_arm64.deb	http://deb.debian.org/debian/pool/main/n/ngtcp2/libngtcp2-16_1.11.0-1%2bdeb13u1_arm64.deb
4a220245385ec7222f4a20e444532808b90139b70ea9c7eeab179c927a27b37f	libngtcp2-crypto-gnutls8_1.11.0-1+deb13u1_arm64.deb	http://deb.debian.org/debian/pool/main/n/ngtcp2/libngtcp2-crypto-gnutls8_1.11.0-1%2bdeb13u1_arm64.deb
e7907dba88227fa61f86e1e3ea198c770cb0a255d506f31d9564278dfba3c898	libcurl3t64-gnutls_8.14.1-2+deb13u5_arm64.deb	http://deb.debian.org/debian/pool/main/c/curl/libcurl3t64-gnutls_8.14.1-2%2bdeb13u5_arm64.deb
06110a972bdc52f6c6d6615dddbe97f836c61d0e36c685ef4107c2eaa81f871f	liberror-perl_0.17030-1_all.deb	http://deb.debian.org/debian/pool/main/libe/liberror-perl/liberror-perl_0.17030-1_all.deb
b58306b60e1dff920e1e18bc7e1e499f2ef75184190ab3d98657b165969bf7c9	git-man_1%3a2.47.3-0+deb13u1_all.deb	http://deb.debian.org/debian/pool/main/g/git/git-man_2.47.3-0%2bdeb13u1_all.deb
8c6b1e96b226211260d7814472215a8a1ed38ee37400c421d454391c1807cb5a	git_1%3a2.47.3-0+deb13u1_arm64.deb	http://deb.debian.org/debian/pool/main/g/git/git_2.47.3-0%2bdeb13u1_arm64.deb
137e708575c0622d347815d19cb471a107546b16e9602805ee27afad7bba107f	libonig5_6.9.9-1+b1_arm64.deb	http://deb.debian.org/debian/pool/main/libo/libonig/libonig5_6.9.9-1%2bb1_arm64.deb
b8bf914f7106442f4a42db26867750b7fe031d11b2abff944822872386371ddf	libjq1_1.7.1-6+deb13u3_arm64.deb	http://deb.debian.org/debian/pool/main/j/jq/libjq1_1.7.1-6%2bdeb13u3_arm64.deb
d35bc9f804784d39e7b89e63314a80f113d8a7ccbeb36cf0d3cc01c3a65312e2	jq_1.7.1-6+deb13u3_arm64.deb	http://deb.debian.org/debian/pool/main/j/jq/jq_1.7.1-6%2bdeb13u3_arm64.deb
3a8b61891f0ce9bd310088ce2d269d63b5afd88b9196fa4f046fd890faea4a17	libalgorithm-diff-perl_1.201-1_all.deb	http://deb.debian.org/debian/pool/main/liba/libalgorithm-diff-perl/libalgorithm-diff-perl_1.201-1_all.deb
a8b5fda8919bfd7de21e986b7cc93b18343722d575cbb97036b8b48e0c0b6814	libalgorithm-diff-xs-perl_0.04-9_arm64.deb	http://deb.debian.org/debian/pool/main/liba/libalgorithm-diff-xs-perl/libalgorithm-diff-xs-perl_0.04-9_arm64.deb
46dbe02369411b46f676ddb55fa8ee3a98f7a15607ddab785979c25bacb5d7db	libalgorithm-merge-perl_0.08-5_all.deb	http://deb.debian.org/debian/pool/main/liba/libalgorithm-merge-perl/libalgorithm-merge-perl_0.08-5_all.deb
7502c447f454496501e1e68806190cb55facbe9a23559c04d2e6e17e5ba6bacc	libclang-19-dev_1%3a19.1.7-3+b1_arm64.deb	http://deb.debian.org/debian/pool/main/l/llvm-toolchain-19/libclang-19-dev_19.1.7-3%2bb1_arm64.deb
12496a6c42488ef5f32aea28222a48a0c129e4b16c4b3405ad31796c154e85b4	libclang-dev_1%3a19.0-63_arm64.deb	http://deb.debian.org/debian/pool/main/l/llvm-defaults/libclang-dev_19.0-63_arm64.deb
fbf03af1959c43c92d990fe48a6bee9ac9f946b96641e84e693ede5ef9698f77	libclang-rt-19-dev_1%3a19.1.7-3+b1_arm64.deb	http://deb.debian.org/debian/pool/main/l/llvm-toolchain-19/libclang-rt-19-dev_19.1.7-3%2bb1_arm64.deb
55f6d389cc954407cdba6e4ba5e7039dd2042d2ca8929d6f5eb49d6b97ba92de	libffi-dev_3.4.8-2_arm64.deb	http://deb.debian.org/debian/pool/main/libf/libffi/libffi-dev_3.4.8-2_arm64.deb
28844af39411b0c1164612dd3b96037baa6b5322ab74876ceb5ad7e625378c67	libfile-fcntllock-perl_0.22-4+b4_arm64.deb	http://deb.debian.org/debian/pool/main/libf/libfile-fcntllock-perl/libfile-fcntllock-perl_0.22-4%2bb4_arm64.deb
5f771ed84bf8779d4598e66b719121ab1413c11412c87629e50c79d26b042612	libgfortran5_14.2.0-19_arm64.deb	http://deb.debian.org/debian/pool/main/g/gcc-14/libgfortran5_14.2.0-19_arm64.deb
98772e064654b12f74175ab8c0cb80d77c04aeff82eb0c197076a76825d8d286	libgpm2_1.20.7-11+b2_arm64.deb	http://deb.debian.org/debian/pool/main/g/gpm/libgpm2_1.20.7-11%2bb2_arm64.deb
259fe5736ebb105df7c6a7b5cc6231a8743666f5f57885f6c7989babe2fc0082	libncurses6_6.5+20250216-2_arm64.deb	http://deb.debian.org/debian/pool/main/n/ncurses/libncurses6_6.5%2b20250216-2_arm64.deb
3fec94323267a79e04073a62deb7f022fd9b1106330537849639aabd20efc396	libncurses-dev_6.5+20250216-2_arm64.deb	http://deb.debian.org/debian/pool/main/n/ncurses/libncurses-dev_6.5%2b20250216-2_arm64.deb
aa224d7ec5feed97f14e251586782052be4ad3719ac33915dc17ee0cedf7bb89	libopenblas0-pthread_0.3.29+ds-3_arm64.deb	http://deb.debian.org/debian/pool/main/o/openblas/libopenblas0-pthread_0.3.29%2bds-3_arm64.deb
a862b1d762dff98bbd78d7b70e1bfbf2eefa6cf6c80c9f7777116b847dcf9946	libopenblas0_0.3.29+ds-3_arm64.deb	http://deb.debian.org/debian/pool/main/o/openblas/libopenblas0_0.3.29%2bds-3_arm64.deb
eb134d45fbf6f3b806213ce2102020abba4f30d921e4db6d85faf45c6964cc79	libopenblas-pthread-dev_0.3.29+ds-3_arm64.deb	http://deb.debian.org/debian/pool/main/o/openblas/libopenblas-pthread-dev_0.3.29%2bds-3_arm64.deb
f55836b1fdd2453525b91f85917224db20c2dc26dd74de3f58e7a65b6b0ad68d	libopenblas-dev_0.3.29+ds-3_arm64.deb	http://deb.debian.org/debian/pool/main/o/openblas/libopenblas-dev_0.3.29%2bds-3_arm64.deb
5041567ffd6bdb2f46756ee4249d0d21576ac95b059429dc1250a8d24b614e6d	libpfm4_4.13.0+git99-gc5587f9-1_arm64.deb	http://deb.debian.org/debian/pool/main/libp/libpfm4/libpfm4_4.13.0%2bgit99-gc5587f9-1_arm64.deb
8a9477ed7af47d7ddefa1fe02bf9f87d6778e8cc59062064f1b076880a7a14a5	libpkgconf3_1.8.1-4_arm64.deb	http://deb.debian.org/debian/pool/main/p/pkgconf/libpkgconf3_1.8.1-4_arm64.deb
b81910e8728fab596158c8384d6aa101c8249c1769eb2d33c73643b2be7a0bcf	libssl-dev_3.5.7-1~deb13u2_arm64.deb	http://deb.debian.org/debian/pool/main/o/openssl/libssl-dev_3.5.7-1%7edeb13u2_arm64.deb
ac1061728670f4626adaa1288953a0e6fb801c9cae72ee1c3231e63e2609d23a	libxau6_1%3a1.0.11-1_arm64.deb	http://deb.debian.org/debian/pool/main/libx/libxau/libxau6_1.0.11-1_arm64.deb
e10bbb0802181992ecf091e9425171850eee16068729c109214ba4924f81fb52	libxdmcp6_1%3a1.1.5-1_arm64.deb	http://deb.debian.org/debian/pool/main/libx/libxdmcp/libxdmcp6_1.1.5-1_arm64.deb
d0178198e80ed4cacdececabe2c112ec88c7a9258cc11a55b8e267ab14a90d82	libxcb1_1.17.0-2+b1_arm64.deb	http://deb.debian.org/debian/pool/main/libx/libxcb/libxcb1_1.17.0-2%2bb1_arm64.deb
c54f87069888f80ba4da586da6147d74c7598ccdd8b90906dbc4271fa414c738	libx11-data_2%3a1.8.12-1_all.deb	http://deb.debian.org/debian/pool/main/libx/libx11/libx11-data_1.8.12-1_all.deb
646f2d3f2165c8eebceb7f4aaca31e97a818bb11a045964833a9f764b738bac2	libx11-6_2%3a1.8.12-1_arm64.deb	http://deb.debian.org/debian/pool/main/libx/libx11/libx11-6_1.8.12-1_arm64.deb
27cf208c6d2924b22ed3b9ceff304b992e1f07ef7b0ef00239585595581dac99	libxext6_2%3a1.3.4-1+b3_arm64.deb	http://deb.debian.org/debian/pool/main/libx/libxext/libxext6_1.3.4-1%2bb3_arm64.deb
f8113dcd311bcef8f98264971c39e66ca93db60ed0a38730bd86911d54d06129	libxml2-dev_2.12.7+dfsg+really2.9.14-2.1+deb13u3_arm64.deb	http://deb.debian.org/debian/pool/main/libx/libxml2/libxml2-dev_2.12.7%2bdfsg%2breally2.9.14-2.1%2bdeb13u3_arm64.deb
522cb4c2029ce7718dc7f00b53a1c303ab98580a37244ccb2d177999a5b9e4af	libxmuu1_2%3a1.1.3-3+b4_arm64.deb	http://deb.debian.org/debian/pool/main/libx/libxmu/libxmuu1_1.1.3-3%2bb4_arm64.deb
c81500b4c93e29ac28cdded7ec5bf9950c75f8c76c386669ccb6fb854c4daf72	libyaml-0-2_0.2.5-2_arm64.deb	http://deb.debian.org/debian/pool/main/liby/libyaml/libyaml-0-2_0.2.5-2_arm64.deb
e35389f0b02e020d6714c5ef349eef4a1f514d0293c05fd28bb90c1fe4f3f2b7	libz3-dev_4.13.3-1_arm64.deb	http://deb.debian.org/debian/pool/main/z/z3/libz3-dev_4.13.3-1_arm64.deb
59bc2a621de565aaee50707ca2c68b4def034613cae83a35e20d2a95bc3c966d	llvm-19-runtime_1%3a19.1.7-3+b1_arm64.deb	http://deb.debian.org/debian/pool/main/l/llvm-toolchain-19/llvm-19-runtime_19.1.7-3%2bb1_arm64.deb
3af41d4e45199392df4eed685579c0b0f5587e925bab0d6752fe88efbd97ad9c	llvm-19_1%3a19.1.7-3+b1_arm64.deb	http://deb.debian.org/debian/pool/main/l/llvm-toolchain-19/llvm-19_19.1.7-3%2bb1_arm64.deb
9cadaec984d0d923f81e20a2dd68974db643f67ad6adc8a593a7bbdaad8f8554	python3-pygments_2.18.0+dfsg-2_all.deb	http://deb.debian.org/debian/pool/main/p/pygments/python3-pygments_2.18.0%2bdfsg-2_all.deb
b83a9ccdc2d1d1f2e36c7c333d36b0151cc89f1d45568e28bcab1f00c72a3498	python3-yaml_6.0.2-1+b2_arm64.deb	http://deb.debian.org/debian/pool/main/p/pyyaml/python3-yaml_6.0.2-1%2bb2_arm64.deb
b10e1410f570c362f9f7c91750c8a4a3822ef13c621becdb815778d2a6e3e248	llvm-19-tools_1%3a19.1.7-3+b1_arm64.deb	http://deb.debian.org/debian/pool/main/l/llvm-toolchain-19/llvm-19-tools_19.1.7-3%2bb1_arm64.deb
67605868e29398a5b92b418b2ec67fb0b2065ea463ebc2a271af690bbd70bc4a	llvm-19-dev_1%3a19.1.7-3+b1_arm64.deb	http://deb.debian.org/debian/pool/main/l/llvm-toolchain-19/llvm-19-dev_19.1.7-3%2bb1_arm64.deb
9de42b48394935236a31385e4bae816911cd20dc3f20250531964aec44082f63	manpages-dev_6.9.1-1_all.deb	http://deb.debian.org/debian/pool/main/m/manpages/manpages-dev_6.9.1-1_all.deb
bce0638102650b61224901da320c2f867a91cfc133532a5fb526d2ce05465fe6	pkgconf-bin_1.8.1-4_arm64.deb	http://deb.debian.org/debian/pool/main/p/pkgconf/pkgconf-bin_1.8.1-4_arm64.deb
aaf89947e9a5a6d980d14f43dfde8d0ad4e869b5cd33567321ca8baeb7ee7740	pkgconf_1.8.1-4_arm64.deb	http://deb.debian.org/debian/pool/main/p/pkgconf/pkgconf_1.8.1-4_arm64.deb
fef9662964fa4ff2ebbeefe076adffad79374f744274085c8ce931d5feb462a1	pkg-config_1.8.1-4_arm64.deb	http://deb.debian.org/debian/pool/main/p/pkgconf/pkg-config_1.8.1-4_arm64.deb
80b5b3959ddf1c54c82001380aab866fa9964274a59a7f169110c8a036e40864	publicsuffix_20250328.1952-0.1_all.deb	http://deb.debian.org/debian/pool/main/p/publicsuffix/publicsuffix_20250328.1952-0.1_all.deb
fc77882c3eac0e2dd933ffea1b561e9202a41a229f30909637205b7f66fc7ed9	xauth_1%3a1.1.2-1.1_arm64.deb	http://deb.debian.org/debian/pool/main/x/xauth/xauth_1.1.2-1.1_arm64.deb
