b2add61e7fe0e9328140de456a85c96737b517f9cf62b44fd88e86aa2b765f29	libpq-dev_18.6-1.pgdg13+2_amd64.deb	https://apt.postgresql.org/pub/repos/apt/pool/main/p/postgresql-18/libpq-dev_18.6-1.pgdg13%2b2_amd64.deb
e81eaaf3624271c61195b0d42c0baac0f63c95bc06a3bd1d23b3e25e67d38035	postgresql-server-dev-18_18.6-1.pgdg13+2_amd64.deb	https://apt.postgresql.org/pub/repos/apt/pool/main/p/postgresql-18/postgresql-server-dev-18_18.6-1.pgdg13%2b2_amd64.deb
edf2aadc18f204a3ebbda0ca2797bf0d1fe8f6534ac1b2c23195561eec87a796	libpipeline1_1.5.8-1_amd64.deb	http://deb.debian.org/debian/pool/main/libp/libpipeline/libpipeline1_1.5.8-1_amd64.deb
ff4aa9049a20d22679d41ca4000db17fb661631304a446d12782fbf8efbd2c61	binfmt-support_2.2.2-7_amd64.deb	http://deb.debian.org/debian/pool/main/b/binfmt-support/binfmt-support_2.2.2-7_amd64.deb
38abe0e710a07688e9c149d74536e67cfee0364bdb64dd6d644c32a1cfad389f	libexpat1_2.8.3-1~deb13u1_amd64.deb	http://deb.debian.org/debian/pool/main/e/expat/libexpat1_2.8.3-1%7edeb13u1_amd64.deb
764c10c723ccd6e45e5637c0be3c74f20997971da9aad77b8cca73c13494a493	liblocale-gettext-perl_1.07-7+b1_amd64.deb	http://deb.debian.org/debian/pool/main/libl/liblocale-gettext-perl/liblocale-gettext-perl_1.07-7%2bb1_amd64.deb
a4aa6a9a8c77f87bfe545e1d14ec42c001d189ace90e3aa75deec882b39dee49	libpython3.13-minimal_3.13.5-2+deb13u5_amd64.deb	http://deb.debian.org/debian/pool/main/p/python3.13/libpython3.13-minimal_3.13.5-2%2bdeb13u5_amd64.deb
c1fda9e7b1bf15b2fa75a238d8a8710e142fe14c722fc650c5fc614f078c9073	python3.13-minimal_3.13.5-2+deb13u5_amd64.deb	http://deb.debian.org/debian/pool/main/p/python3.13/python3.13-minimal_3.13.5-2%2bdeb13u5_amd64.deb
a5d2371bebf3689f676e3f3bae800371bcc4392a8a51269e23d528249b399615	python3-minimal_3.13.5-1_amd64.deb	http://deb.debian.org/debian/pool/main/p/python3-defaults/python3-minimal_3.13.5-1_amd64.deb
0788e4b0b72db1bcf74a19cb24c3511e7770ad0b341f0f30e361701c3072f53e	media-types_13.0.0_all.deb	http://deb.debian.org/debian/pool/main/m/media-types/media-types_13.0.0_all.deb
db161322a3481d2c0c3b9a3b9a03c3ab0e2b1718f54b88755fb4a3f939165b84	libpython3.13-stdlib_3.13.5-2+deb13u5_amd64.deb	http://deb.debian.org/debian/pool/main/p/python3.13/libpython3.13-stdlib_3.13.5-2%2bdeb13u5_amd64.deb
460c1fd72845516ac3ce9d1686916f3ab2e4c86f8a9746e14d26243a47e2b98d	python3.13_3.13.5-2+deb13u5_amd64.deb	http://deb.debian.org/debian/pool/main/p/python3.13/python3.13_3.13.5-2%2bdeb13u5_amd64.deb
7e142ed64a81ccdd39714f213467bd365736ef341adb2be11be981f638b9175f	libpython3-stdlib_3.13.5-1_amd64.deb	http://deb.debian.org/debian/pool/main/p/python3-defaults/libpython3-stdlib_3.13.5-1_amd64.deb
c1388174dc7140e6c19a6dd39f8a0dcb38a835cd66c65644e0dded43d5223cb0	python3_3.13.5-1_amd64.deb	http://deb.debian.org/debian/pool/main/p/python3-defaults/python3_3.13.5-1_amd64.deb
ba3c216e68298a2d375d4e386baa935e245f0f23ddb74502b12582f8de061d4f	less_668-1_amd64.deb	http://deb.debian.org/debian/pool/main/l/less/less_668-1_amd64.deb
e94b49cbfeccbf620effb20f4e9968bbbe6a5acbe0a5d7140ba394249060464a	bash-completion_1%3a2.16.0-7_all.deb	http://deb.debian.org/debian/pool/main/b/bash-completion/bash-completion_2.16.0-7_all.deb
6b5fbe71f0fc41e85919bc4b3c514e6c47577c5005dbf1f5af6e4a49cc221aab	bzip2_1.0.8-6_amd64.deb	http://deb.debian.org/debian/pool/main/b/bzip2/bzip2_1.0.8-6_amd64.deb
91b7df0b4bd4e1a3b8ba5b229abd844e03f4c82c45ccb8c964a035190c29a501	manpages_6.9.1-1_all.deb	http://deb.debian.org/debian/pool/main/m/manpages/manpages_6.9.1-1_all.deb
b002ea172b9c1e34a67bc497c523c67bb74c3f0a4e98113cb083990a1f1d3bfe	libedit2_3.1-20250104-1_amd64.deb	http://deb.debian.org/debian/pool/main/libe/libedit/libedit2_3.1-20250104-1_amd64.deb
2457686e375dcb7567ba01da6638a0711e2a55725d084d65de44dd11bb1f52e2	libcbor0.10_0.10.2-2_amd64.deb	http://deb.debian.org/debian/pool/main/libc/libcbor/libcbor0.10_0.10.2-2_amd64.deb
094fc0fe20c652be848ab2a8b3793eb03bc4327140ebd232145356352004e6c0	libfido2-1_1.15.0-1+b1_amd64.deb	http://deb.debian.org/debian/pool/main/libf/libfido2/libfido2-1_1.15.0-1%2bb1_amd64.deb
8fff343654f86c3b3266f94cd338c7b4da2e386da029327815118ea00bce03b9	openssh-client_1%3a10.0p1-7+deb13u4_amd64.deb	http://deb.debian.org/debian/pool/main/o/openssh/openssh-client_10.0p1-7%2bdeb13u4_amd64.deb
9e0a39d95373afdaad3c9dfaab3c8b0beb9a2c4654e6be10b4bcf458509a3217	xz-utils_5.8.1-1+deb13u1_amd64.deb	http://deb.debian.org/debian/pool/main/x/xz-utils/xz-utils_5.8.1-1%2bdeb13u1_amd64.deb
38f625dfdc582717029ac3a3e97c51d994ec2e7a0e9b230c6b44e40d1276311f	libsframe1_2.44-3_amd64.deb	http://deb.debian.org/debian/pool/main/b/binutils/libsframe1_2.44-3_amd64.deb
002da5d23f8757dee97a2c0a40e0e1d4d85a43da094488ee2ee7068d4d3691f9	binutils-common_2.44-3_amd64.deb	http://deb.debian.org/debian/pool/main/b/binutils/binutils-common_2.44-3_amd64.deb
4f4664c8a8f0ad0c8631c39fab02e3d8d86ccc6f4436a1d59f059dbcb0492679	libbinutils_2.44-3_amd64.deb	http://deb.debian.org/debian/pool/main/b/binutils/libbinutils_2.44-3_amd64.deb
0d36d0bde85c467ac6735dded08e19dd30ae1369e3908b9eb48ccc0d6ff66648	libgprofng0_2.44-3_amd64.deb	http://deb.debian.org/debian/pool/main/b/binutils/libgprofng0_2.44-3_amd64.deb
e280b2be3db6e584500e865c251605b95c346767d87ccb2524e44992048fc657	libctf-nobfd0_2.44-3_amd64.deb	http://deb.debian.org/debian/pool/main/b/binutils/libctf-nobfd0_2.44-3_amd64.deb
120cafcd93132a276fa92a8fb4cf39b23d14e5a3e348f4f5580638d71ca95ac5	libctf0_2.44-3_amd64.deb	http://deb.debian.org/debian/pool/main/b/binutils/libctf0_2.44-3_amd64.deb
60707a62fe6c1228c3389b12a13ca4efd76defc5532473e547a29e99cf7d2a6e	libjansson4_2.14-2+b3_amd64.deb	http://deb.debian.org/debian/pool/main/j/jansson/libjansson4_2.14-2%2bb3_amd64.deb
e6741ce95ff0f7a131c8d9faa3528ccbbc453078bbc62a97da81340ed7462c53	binutils-x86-64-linux-gnu_2.44-3_amd64.deb	http://deb.debian.org/debian/pool/main/b/binutils/binutils-x86-64-linux-gnu_2.44-3_amd64.deb
6bc08c02539ba53b5e748142397144c499f9b20b5fa9bb56431545db124addeb	binutils_2.44-3_amd64.deb	http://deb.debian.org/debian/pool/main/b/binutils/binutils_2.44-3_amd64.deb
2c21175d6a8283ed566d154c0c0bc06f60836e53b0b9e1f74c14eac586b68c24	libc-dev-bin_2.41-12+deb13u4_amd64.deb	http://deb.debian.org/debian/pool/main/g/glibc/libc-dev-bin_2.41-12%2bdeb13u4_amd64.deb
dc68dd53c7356598d005866da0d19d7bd33af2a62971aced624cdf04492902b4	linux-libc-dev_6.12.107-1_all.deb	http://deb.debian.org/debian/pool/main/l/linux/linux-libc-dev_6.12.107-1_all.deb
98e2333aea8d64ca68f9b75c16256d3a05492fd8f9e6dba96adbc6f19e4f5a09	libcrypt-dev_1%3a4.4.38-1_amd64.deb	http://deb.debian.org/debian/pool/main/libx/libxcrypt/libcrypt-dev_4.4.38-1_amd64.deb
32ac0692694f8a34cc90c895f4fc739680fb2ef0e2d4870a68833682bf1c81a3	rpcsvc-proto_1.4.3-1_amd64.deb	http://deb.debian.org/debian/pool/main/r/rpcsvc-proto/rpcsvc-proto_1.4.3-1_amd64.deb
1fda734dabcd80b77266a09ab62b0f1e3e16d8091db62899890b2200745632a2	libc6-dev_2.41-12+deb13u4_amd64.deb	http://deb.debian.org/debian/pool/main/g/glibc/libc6-dev_2.41-12%2bdeb13u4_amd64.deb
ac8518042e81c00de1effb72bba7e88ac4ecd488f7ea8b9e3ebc63159cb53b35	libisl23_0.27-1_amd64.deb	http://deb.debian.org/debian/pool/main/i/isl/libisl23_0.27-1_amd64.deb
75dddce11dabc7fc543712c33dc27b7f2ee66a111763eb5eac654d010b42cd92	libmpfr6_4.2.2-1_amd64.deb	http://deb.debian.org/debian/pool/main/m/mpfr4/libmpfr6_4.2.2-1_amd64.deb
2af0a5c128e03694a41c0b011bd8a958b7297436cdb3a15ddad7866dae8c300b	libmpc3_1.3.1-1+b3_amd64.deb	http://deb.debian.org/debian/pool/main/m/mpclib3/libmpc3_1.3.1-1%2bb3_amd64.deb
ef274b5379f5f97fc71619d39ecc84d039d3e184570d207b909c90afaa5d79e0	cpp-14-x86-64-linux-gnu_14.2.0-19_amd64.deb	http://deb.debian.org/debian/pool/main/g/gcc-14/cpp-14-x86-64-linux-gnu_14.2.0-19_amd64.deb
3bae5fe03c56c6d021900ab4fb79e35c6f75eee72a73fccc6f28a39db559d6a0	cpp-14_14.2.0-19_amd64.deb	http://deb.debian.org/debian/pool/main/g/gcc-14/cpp-14_14.2.0-19_amd64.deb
d902f484e38bce59e82efc0df2fe20139a0932ca759ecafdfe6e5b6c72238eb8	cpp-x86-64-linux-gnu_4%3a14.2.0-1_amd64.deb	http://deb.debian.org/debian/pool/main/g/gcc-defaults/cpp-x86-64-linux-gnu_14.2.0-1_amd64.deb
a6ba40550aadec80437813e0fce5516574945ff40e72306a5b378c03af3a6544	cpp_4%3a14.2.0-1_amd64.deb	http://deb.debian.org/debian/pool/main/g/gcc-defaults/cpp_14.2.0-1_amd64.deb
2d587e3bfba4aec701946b7ba0c1640b97b6d8dd0a34ba1c70ae85261ecedefa	libcc1-0_14.2.0-19_amd64.deb	http://deb.debian.org/debian/pool/main/g/gcc-14/libcc1-0_14.2.0-19_amd64.deb
72b7a1a33c48f3195efeb044111b34ae684b1e640bb6495c832443b798601cd5	libgomp1_14.2.0-19_amd64.deb	http://deb.debian.org/debian/pool/main/g/gcc-14/libgomp1_14.2.0-19_amd64.deb
febdb3c528cde1a3abe952e17a1d3cfa7ccaca5b6f506d983d34385dad199490	libitm1_14.2.0-19_amd64.deb	http://deb.debian.org/debian/pool/main/g/gcc-14/libitm1_14.2.0-19_amd64.deb
212b399aae2f7299203d261a57e49372e09565a9a5ea971905f94a3960366c05	libatomic1_14.2.0-19_amd64.deb	http://deb.debian.org/debian/pool/main/g/gcc-14/libatomic1_14.2.0-19_amd64.deb
771899ade7310fe31aa538a509354c33d62bbe4e408b4e5fc1e513988dc42645	libasan8_14.2.0-19_amd64.deb	http://deb.debian.org/debian/pool/main/g/gcc-14/libasan8_14.2.0-19_amd64.deb
a0df07da76287a45e665d584363dc2a6a1c4e240aee41b8bbc0f67cdff97cd68	liblsan0_14.2.0-19_amd64.deb	http://deb.debian.org/debian/pool/main/g/gcc-14/liblsan0_14.2.0-19_amd64.deb
529d7f68227d16975076c5f842e8b687faea1b5df8e0dcf62e436d5402844ca5	libtsan2_14.2.0-19_amd64.deb	http://deb.debian.org/debian/pool/main/g/gcc-14/libtsan2_14.2.0-19_amd64.deb
9205a1bef7d6a52ffc06548e0cde169ff303e688c12d9be3a98f734449077e22	libubsan1_14.2.0-19_amd64.deb	http://deb.debian.org/debian/pool/main/g/gcc-14/libubsan1_14.2.0-19_amd64.deb
2cdaf797cad8ac30a964ab081370682dd065ae1b0305a0be9d8e0e14cd0657d7	libhwasan0_14.2.0-19_amd64.deb	http://deb.debian.org/debian/pool/main/g/gcc-14/libhwasan0_14.2.0-19_amd64.deb
f5b51cf0ece3ec3bb7494d0cdbff3ce715ae00cfb2b6ed787f7db91319d64a7b	libquadmath0_14.2.0-19_amd64.deb	http://deb.debian.org/debian/pool/main/g/gcc-14/libquadmath0_14.2.0-19_amd64.deb
ca6f2d36d96b19b3eb71405b0b80134d8c89380b02204a2512e5c58ceb090628	libgcc-14-dev_14.2.0-19_amd64.deb	http://deb.debian.org/debian/pool/main/g/gcc-14/libgcc-14-dev_14.2.0-19_amd64.deb
a17ef039f1ba482051c3efb5c2c24070002e60dd0bd09fd456ec31481a11b725	gcc-14-x86-64-linux-gnu_14.2.0-19_amd64.deb	http://deb.debian.org/debian/pool/main/g/gcc-14/gcc-14-x86-64-linux-gnu_14.2.0-19_amd64.deb
21500408b5019d8d29f70ce58488e2eea469a1adb4b5fd7db45e819b5efcac4e	gcc-14_14.2.0-19_amd64.deb	http://deb.debian.org/debian/pool/main/g/gcc-14/gcc-14_14.2.0-19_amd64.deb
04c28c2760b0094b3d7758154ac095303dd00599b63ebad4086a325b607308b7	gcc-x86-64-linux-gnu_4%3a14.2.0-1_amd64.deb	http://deb.debian.org/debian/pool/main/g/gcc-defaults/gcc-x86-64-linux-gnu_14.2.0-1_amd64.deb
eee65c41a441c57c05f754ced1b9d093956966a1c7da9938c3ec00d3dc2f905d	gcc_4%3a14.2.0-1_amd64.deb	http://deb.debian.org/debian/pool/main/g/gcc-defaults/gcc_14.2.0-1_amd64.deb
4b962fac5f1af0bd8b1b3f97e0f47b9d8e9a79e88802143f00ebfbd78ad87a7b	libstdc++-14-dev_14.2.0-19_amd64.deb	http://deb.debian.org/debian/pool/main/g/gcc-14/libstdc%2b%2b-14-dev_14.2.0-19_amd64.deb
c66b009fedd340520279d1af2f91d0668e9f64f0c08fe62179ca1c75e556be58	g++-14-x86-64-linux-gnu_14.2.0-19_amd64.deb	http://deb.debian.org/debian/pool/main/g/gcc-14/g%2b%2b-14-x86-64-linux-gnu_14.2.0-19_amd64.deb
4706ab29eab3d81e93582b45b229fdedc71f1eec3071996a448cf2c8beb83f3a	g++-14_14.2.0-19_amd64.deb	http://deb.debian.org/debian/pool/main/g/gcc-14/g%2b%2b-14_14.2.0-19_amd64.deb
15e10fc3948ec76be8d51b23e75ad9df9c39588c94f1f47059cee02c117c7583	g++-x86-64-linux-gnu_4%3a14.2.0-1_amd64.deb	http://deb.debian.org/debian/pool/main/g/gcc-defaults/g%2b%2b-x86-64-linux-gnu_14.2.0-1_amd64.deb
f86661c021ab2acb39ceb87315e7c2d4d420fdadc19945d5d589f3953410445c	g++_4%3a14.2.0-1_amd64.deb	http://deb.debian.org/debian/pool/main/g/gcc-defaults/g%2b%2b_14.2.0-1_amd64.deb
70a9709e665383b06068ccd423d62ea191b65355f318a25565dbf324b254cec6	make_4.4.1-2_amd64.deb	http://deb.debian.org/debian/pool/main/m/make-dfsg/make_4.4.1-2_amd64.deb
b41eaeb4879091023f8c1a058510844a244d3d0bd0f437e0e05d58213e36fd9f	libdpkg-perl_1.22.22_all.deb	http://deb.debian.org/debian/pool/main/d/dpkg/libdpkg-perl_1.22.22_all.deb
80c46a0085b33acc74bf451fddb6a70cb43d4ebcc4a873aec04d8d0a63ffc630	patch_2.8-2_amd64.deb	http://deb.debian.org/debian/pool/main/p/patch/patch_2.8-2_amd64.deb
6d4020421740a70e1fb9c41b07f8bb8306d93aef6fea1a8ce11a1f839921f414	dpkg-dev_1.22.22_all.deb	http://deb.debian.org/debian/pool/main/d/dpkg/dpkg-dev_1.22.22_all.deb
a45159aebea0d98d6652ac5a56b7fff164a7733a7dc736b9f8715ca504519d3a	build-essential_12.12_amd64.deb	http://deb.debian.org/debian/pool/main/b/build-essential/build-essential_12.12_amd64.deb
71383373523ef62d47eccf660cf6535c3febcbb3f88e54cb7a43124014b57359	libz3-4_4.13.3-1_amd64.deb	http://deb.debian.org/debian/pool/main/z/z3/libz3-4_4.13.3-1_amd64.deb
db0d614d61345ca710fb73e75105f1ec6e38898fa7b3aa99fa7eb7d8b0a11d57	libllvm19_1%3a19.1.7-3+b1_amd64.deb	http://deb.debian.org/debian/pool/main/l/llvm-toolchain-19/libllvm19_19.1.7-3%2bb1_amd64.deb
a7d2b6df51050834f6ea5c0d5e34869c2298b0bcdaa91eff17ba3db2cd545c47	libclang-cpp19_1%3a19.1.7-3+b1_amd64.deb	http://deb.debian.org/debian/pool/main/l/llvm-toolchain-19/libclang-cpp19_19.1.7-3%2bb1_amd64.deb
0279fc16692a3a4a6d5f84051f5e55fc721f3cbb0e2bbc052d8980888f18c698	libgc1_1%3a8.2.8-1_amd64.deb	http://deb.debian.org/debian/pool/main/libg/libgc/libgc1_8.2.8-1_amd64.deb
d48411ec79114d5941256dddb1720fc65cbe4733285b29d5ecc87eb452ab30d9	libobjc4_14.2.0-19_amd64.deb	http://deb.debian.org/debian/pool/main/g/gcc-14/libobjc4_14.2.0-19_amd64.deb
60f8a34f94d46b0ae8d48335525bfaae3daef93c56d6b8bce0e76118e44a9136	libobjc-14-dev_14.2.0-19_amd64.deb	http://deb.debian.org/debian/pool/main/g/gcc-14/libobjc-14-dev_14.2.0-19_amd64.deb
4018e40e2d4144fe38c45822e68cca63c1bf6c7872c3073ebb262ad4b2f9b8bc	libclang-common-19-dev_1%3a19.1.7-3+b1_amd64.deb	http://deb.debian.org/debian/pool/main/l/llvm-toolchain-19/libclang-common-19-dev_19.1.7-3%2bb1_amd64.deb
874a0a5cde797cda3e94e9310a0a9958608f526f177637414a8ce9620c804818	llvm-19-linker-tools_1%3a19.1.7-3+b1_amd64.deb	http://deb.debian.org/debian/pool/main/l/llvm-toolchain-19/llvm-19-linker-tools_19.1.7-3%2bb1_amd64.deb
4e7e2a5fe236e280d32fb529350b3c1cfd9410a964629a57ea079a314c45d7a3	libclang1-19_1%3a19.1.7-3+b1_amd64.deb	http://deb.debian.org/debian/pool/main/l/llvm-toolchain-19/libclang1-19_19.1.7-3%2bb1_amd64.deb
bbb74458d782b7792b61b0eed92746df5e6d033778c045cf8c2b3835b7c4efc4	clang-19_1%3a19.1.7-3+b1_amd64.deb	http://deb.debian.org/debian/pool/main/l/llvm-toolchain-19/clang-19_19.1.7-3%2bb1_amd64.deb
5cf22fc7e42face0071b0e83d012dfc675b947a138acfe23a92d0bb39e5b1cdb	clang_1%3a19.0-63_amd64.deb	http://deb.debian.org/debian/pool/main/l/llvm-defaults/clang_19.0-63_amd64.deb
27fa6cb89386dc4c3dcbec5b6bd0839863ebd97316d21f44cdb42b6d9c9b1a2a	clang-tools-19_1%3a19.1.7-3+b1_amd64.deb	http://deb.debian.org/debian/pool/main/l/llvm-toolchain-19/clang-tools-19_19.1.7-3%2bb1_amd64.deb
d9060145be892f43cd1888024114ceab019c81479d4b0a3383fe14cebe2295cb	cmake-data_3.31.6-2_all.deb	http://deb.debian.org/debian/pool/main/c/cmake/cmake-data_3.31.6-2_all.deb
12e06195a899e8db371803ed70111fc7302573d3ed84e967d3d48ef2d543ace8	libarchive13t64_3.7.4-4+deb13u1_amd64.deb	http://deb.debian.org/debian/pool/main/liba/libarchive/libarchive13t64_3.7.4-4%2bdeb13u1_amd64.deb
0fb79f88db210afbd69282ab9649e525f393ec6950ca34da1a6b359250b8d7db	libbrotli1_1.1.0-2+b7_amd64.deb	http://deb.debian.org/debian/pool/main/b/brotli/libbrotli1_1.1.0-2%2bb7_amd64.deb
896cb217537c09251fb909b8541349010ac279d802d871e98c06a62a2c67ce2c	libnghttp2-14_1.64.0-1.1+deb13u1_amd64.deb	http://deb.debian.org/debian/pool/main/n/nghttp2/libnghttp2-14_1.64.0-1.1%2bdeb13u1_amd64.deb
388e4c33b72829cbf0d098afdc8539fa5ba7458eddb077f5538fdb4d5538716b	libnghttp3-9_1.8.0-1_amd64.deb	http://deb.debian.org/debian/pool/main/n/nghttp3/libnghttp3-9_1.8.0-1_amd64.deb
59d42bb1f9ebc0d1776fe616efb08a7a8568b05982e00f70b03c63863db768ab	libpsl5t64_0.21.2-1.1+b1_amd64.deb	http://deb.debian.org/debian/pool/main/libp/libpsl/libpsl5t64_0.21.2-1.1%2bb1_amd64.deb
93baa2004cbe6c8721b9e81beed078612540aef120970b4751305c51c6697368	librtmp1_2.4+20151223.gitfa8646d.1-2+b5_amd64.deb	http://deb.debian.org/debian/pool/main/r/rtmpdump/librtmp1_2.4%2b20151223.gitfa8646d.1-2%2bb5_amd64.deb
dbb1024c192d4d292b7cfa902b96076cfe81b56a5eed4fb28da36e8bf543e49a	libssh2-1t64_1.11.1-1+deb13u2_amd64.deb	http://deb.debian.org/debian/pool/main/libs/libssh2/libssh2-1t64_1.11.1-1%2bdeb13u2_amd64.deb
0dedddfe614fc4a4335c9167b73c64a50136edd76b7991aa851408d0795163eb	libcurl4t64_8.14.1-2+deb13u5_amd64.deb	http://deb.debian.org/debian/pool/main/c/curl/libcurl4t64_8.14.1-2%2bdeb13u5_amd64.deb
fd0b75839fe7b1a08df49e4203b1fb042df4f7d982db8d91c1fd7bdbcd4b1460	libjsoncpp26_1.9.6-3_amd64.deb	http://deb.debian.org/debian/pool/main/libj/libjsoncpp/libjsoncpp26_1.9.6-3_amd64.deb
9bf56d7d8ce3e7680a0dd8e3cfe8acdf50e0aa3b98b0a907cf744a4d1711af72	librhash1_1.4.5-1_amd64.deb	http://deb.debian.org/debian/pool/main/r/rhash/librhash1_1.4.5-1_amd64.deb
5fec8035002e0c745b64d1c5b3e1dc42790d1a77574315b976cf3e4aab9ddc0a	libuv1t64_1.50.0-2_amd64.deb	http://deb.debian.org/debian/pool/main/libu/libuv1/libuv1t64_1.50.0-2_amd64.deb
dee2fc94973325240604ffbca677a3f16b462fb6520946bd81be1ecbac770a02	cmake_3.31.6-2_amd64.deb	http://deb.debian.org/debian/pool/main/c/cmake/cmake_3.31.6-2_amd64.deb
ebb7e0cbe30ad23bce0d28a848ccfeb9b73b82817eb4fe12fa20d2845f62dc73	curl_8.14.1-2+deb13u5_amd64.deb	http://deb.debian.org/debian/pool/main/c/curl/curl_8.14.1-2%2bdeb13u5_amd64.deb
9fe004890f90884c23c24c4fb7eaf5afd55b0b79f3bc05c498a9f54191098a81	libfakeroot_1.37.1.1-1_amd64.deb	http://deb.debian.org/debian/pool/main/f/fakeroot/libfakeroot_1.37.1.1-1_amd64.deb
df17a351eaac7168ac56c197abf0d015ae34fc9dbba0c1d507a76409034311de	fakeroot_1.37.1.1-1_amd64.deb	http://deb.debian.org/debian/pool/main/f/fakeroot/fakeroot_1.37.1.1-1_amd64.deb
627eec81ebbd48c4e6091f5cd9dc5070b792b7075000eed60ab08c7daa961caf	libngtcp2-16_1.11.0-1+deb13u1_amd64.deb	http://deb.debian.org/debian/pool/main/n/ngtcp2/libngtcp2-16_1.11.0-1%2bdeb13u1_amd64.deb
2a7f109c0c4db6a800e4661c5e5e34e1f1f83c8162482276183d1ada9da7c96c	libngtcp2-crypto-gnutls8_1.11.0-1+deb13u1_amd64.deb	http://deb.debian.org/debian/pool/main/n/ngtcp2/libngtcp2-crypto-gnutls8_1.11.0-1%2bdeb13u1_amd64.deb
19da93544615a4c9a3d7df473f5bf8ebca99442454622e9b0460168dadf7b8ae	libcurl3t64-gnutls_8.14.1-2+deb13u5_amd64.deb	http://deb.debian.org/debian/pool/main/c/curl/libcurl3t64-gnutls_8.14.1-2%2bdeb13u5_amd64.deb
06110a972bdc52f6c6d6615dddbe97f836c61d0e36c685ef4107c2eaa81f871f	liberror-perl_0.17030-1_all.deb	http://deb.debian.org/debian/pool/main/libe/liberror-perl/liberror-perl_0.17030-1_all.deb
b58306b60e1dff920e1e18bc7e1e499f2ef75184190ab3d98657b165969bf7c9	git-man_1%3a2.47.3-0+deb13u1_all.deb	http://deb.debian.org/debian/pool/main/g/git/git-man_2.47.3-0%2bdeb13u1_all.deb
3e35662fd5c46add561703e54031a1d8ad9df45811927689f0a51122b13be722	git_1%3a2.47.3-0+deb13u1_amd64.deb	http://deb.debian.org/debian/pool/main/g/git/git_2.47.3-0%2bdeb13u1_amd64.deb
3abee130696244050500bcc7870e3b4cb82ddd87149ece3fd55010c3d4e1d18c	libonig5_6.9.9-1+b1_amd64.deb	http://deb.debian.org/debian/pool/main/libo/libonig/libonig5_6.9.9-1%2bb1_amd64.deb
62444043e4b8f21a5154e5b7084d85db00da509e163c52a950bb8aeb75e4012e	libjq1_1.7.1-6+deb13u3_amd64.deb	http://deb.debian.org/debian/pool/main/j/jq/libjq1_1.7.1-6%2bdeb13u3_amd64.deb
4415dc18d4ea29d8e12d410dd8c71c567d44d8ec5e24afaed3aa7a149b063643	jq_1.7.1-6+deb13u3_amd64.deb	http://deb.debian.org/debian/pool/main/j/jq/jq_1.7.1-6%2bdeb13u3_amd64.deb
50c1653ce29519e1fcd8742f2c67f5edad8d4c3aed3d1ffbea2b7c3497a809d2	libc6-i386_2.41-12+deb13u4_amd64.deb	http://deb.debian.org/debian/pool/main/g/glibc/libc6-i386_2.41-12%2bdeb13u4_amd64.deb
aa7674a786d58a1efaacb3ce377c06a2d3153c1fa7360b08375c7dd67c90c3fe	lib32gcc-s1_14.2.0-19_amd64.deb	http://deb.debian.org/debian/pool/main/g/gcc-14/lib32gcc-s1_14.2.0-19_amd64.deb
326011247094e9a5e5b7dd431b67ccf6dddfd9c4ee5078a8d1a15661883791c2	lib32stdc++6_14.2.0-19_amd64.deb	http://deb.debian.org/debian/pool/main/g/gcc-14/lib32stdc%2b%2b6_14.2.0-19_amd64.deb
3a8b61891f0ce9bd310088ce2d269d63b5afd88b9196fa4f046fd890faea4a17	libalgorithm-diff-perl_1.201-1_all.deb	http://deb.debian.org/debian/pool/main/liba/libalgorithm-diff-perl/libalgorithm-diff-perl_1.201-1_all.deb
4b2e9b2c8d02ce7a1b5bab78f2e059b15eda0fbd09e92c22ac96b82968aae98b	libalgorithm-diff-xs-perl_0.04-9_amd64.deb	http://deb.debian.org/debian/pool/main/liba/libalgorithm-diff-xs-perl/libalgorithm-diff-xs-perl_0.04-9_amd64.deb
46dbe02369411b46f676ddb55fa8ee3a98f7a15607ddab785979c25bacb5d7db	libalgorithm-merge-perl_0.08-5_all.deb	http://deb.debian.org/debian/pool/main/liba/libalgorithm-merge-perl/libalgorithm-merge-perl_0.08-5_all.deb
4d36b8f25a556e2746fd17853b5a066af947d6c6df58fa8f79cf0588e981e4a1	libclang-19-dev_1%3a19.1.7-3+b1_amd64.deb	http://deb.debian.org/debian/pool/main/l/llvm-toolchain-19/libclang-19-dev_19.1.7-3%2bb1_amd64.deb
2eb8cce3735fb415f80b15422ea1342b11b39f5b2fdb7704bf5e87ce59a35c79	libclang-dev_1%3a19.0-63_amd64.deb	http://deb.debian.org/debian/pool/main/l/llvm-defaults/libclang-dev_19.0-63_amd64.deb
0c03a0a8fa37228e2de6c36d02ff0806643885c515a8137d1bcd22e248497cd6	libclang-rt-19-dev_1%3a19.1.7-3+b1_amd64.deb	http://deb.debian.org/debian/pool/main/l/llvm-toolchain-19/libclang-rt-19-dev_19.1.7-3%2bb1_amd64.deb
76b2b80193a656733e1408ebec5371334be5fd48eb5f50ab99d6baf6081d0f1b	libffi-dev_3.4.8-2_amd64.deb	http://deb.debian.org/debian/pool/main/libf/libffi/libffi-dev_3.4.8-2_amd64.deb
4b2407a812b395d0a304288710e5041955f6b3242ca9eb56fef386dc703114e3	libfile-fcntllock-perl_0.22-4+b4_amd64.deb	http://deb.debian.org/debian/pool/main/libf/libfile-fcntllock-perl/libfile-fcntllock-perl_0.22-4%2bb4_amd64.deb
11b62b53f4704de557e44b510e18a1a2106bcd9a3fc31a475a45952a9aa3dbb2	libgfortran5_14.2.0-19_amd64.deb	http://deb.debian.org/debian/pool/main/g/gcc-14/libgfortran5_14.2.0-19_amd64.deb
c8779444e5bb8df39c8bce3ef7dd3d662686a9ab770dcc96bb0f4aeb2077a67c	libgpm2_1.20.7-11+b2_amd64.deb	http://deb.debian.org/debian/pool/main/g/gpm/libgpm2_1.20.7-11%2bb2_amd64.deb
e00cbcc8c0826993f881f492c05f33ba8d79b5375dc5a2ab59c82e0c7b9179a9	libncurses6_6.5+20250216-2_amd64.deb	http://deb.debian.org/debian/pool/main/n/ncurses/libncurses6_6.5%2b20250216-2_amd64.deb
6bd7804e243fc08e2a2af380c341998bb6d21dd35550588ecc430d7c488a410d	libncurses-dev_6.5+20250216-2_amd64.deb	http://deb.debian.org/debian/pool/main/n/ncurses/libncurses-dev_6.5%2b20250216-2_amd64.deb
e3541ee2c956c64383054ba116fb6ef86bbaf40035d64e1795185029fdcf0807	libopenblas0-pthread_0.3.29+ds-3_amd64.deb	http://deb.debian.org/debian/pool/main/o/openblas/libopenblas0-pthread_0.3.29%2bds-3_amd64.deb
d76720bc878c6085096547e45797c6a6a5aea98c729a05d18d68f1a3e122e6bb	libopenblas0_0.3.29+ds-3_amd64.deb	http://deb.debian.org/debian/pool/main/o/openblas/libopenblas0_0.3.29%2bds-3_amd64.deb
1e056a09ed64a39227e25150909a4f9fd83905d4a996f39dd5a919b95ce49559	libopenblas-pthread-dev_0.3.29+ds-3_amd64.deb	http://deb.debian.org/debian/pool/main/o/openblas/libopenblas-pthread-dev_0.3.29%2bds-3_amd64.deb
b3db4d4c4267763a802a0a549938f25f17341ed787ac11059d5d6e23c1cc7bad	libopenblas-dev_0.3.29+ds-3_amd64.deb	http://deb.debian.org/debian/pool/main/o/openblas/libopenblas-dev_0.3.29%2bds-3_amd64.deb
55f0d470f5bdd63061593180c5b34bcb9cefdb09b4cfc9c67b3cb170b0162525	libpfm4_4.13.0+git99-gc5587f9-1_amd64.deb	http://deb.debian.org/debian/pool/main/libp/libpfm4/libpfm4_4.13.0%2bgit99-gc5587f9-1_amd64.deb
85087cd04e57fd4ab7d6e816d348c335047823ab60c78878336b74f07b352ca1	libpkgconf3_1.8.1-4_amd64.deb	http://deb.debian.org/debian/pool/main/p/pkgconf/libpkgconf3_1.8.1-4_amd64.deb
f245b646a4fe5beb31d6a387da9db3399e3b14a904efef1a23227ff5465a1d11	libssl-dev_3.5.7-1~deb13u2_amd64.deb	http://deb.debian.org/debian/pool/main/o/openssl/libssl-dev_3.5.7-1%7edeb13u2_amd64.deb
689a9f0e0ba3e2c65431f864871e303ee904de69dd28abfc462663fae030227f	libxau6_1%3a1.0.11-1_amd64.deb	http://deb.debian.org/debian/pool/main/libx/libxau/libxau6_1.0.11-1_amd64.deb
0740dc760916b2008b45417a42a8fd7dd5de370fb57d31373f15034cda8acf0b	libxdmcp6_1%3a1.1.5-1_amd64.deb	http://deb.debian.org/debian/pool/main/libx/libxdmcp/libxdmcp6_1.1.5-1_amd64.deb
5c222a72d11b866447da31693254f738430726e3e065a384e82687b2fd2f978b	libxcb1_1.17.0-2+b1_amd64.deb	http://deb.debian.org/debian/pool/main/libx/libxcb/libxcb1_1.17.0-2%2bb1_amd64.deb
c54f87069888f80ba4da586da6147d74c7598ccdd8b90906dbc4271fa414c738	libx11-data_2%3a1.8.12-1_all.deb	http://deb.debian.org/debian/pool/main/libx/libx11/libx11-data_1.8.12-1_all.deb
b5a3fd3bf8c8fd0364bfb9bea00dcba7fc301229bd02dded084632d31f5b0fb3	libx11-6_2%3a1.8.12-1_amd64.deb	http://deb.debian.org/debian/pool/main/libx/libx11/libx11-6_1.8.12-1_amd64.deb
fc618ec40465e5ce48622606299cb47833efc3fb235ba15543b81f850722f443	libxext6_2%3a1.3.4-1+b3_amd64.deb	http://deb.debian.org/debian/pool/main/libx/libxext/libxext6_1.3.4-1%2bb3_amd64.deb
2d1a5825cabb43cf4be6848a4acc4a73c50d9c3740ab0c76e2fed80a3e5c6398	libxml2-dev_2.12.7+dfsg+really2.9.14-2.1+deb13u3_amd64.deb	http://deb.debian.org/debian/pool/main/libx/libxml2/libxml2-dev_2.12.7%2bdfsg%2breally2.9.14-2.1%2bdeb13u3_amd64.deb
6b5f537905421599e962a8cec68c84f06d506e143fc70b0b570380b3c4901678	libxmuu1_2%3a1.1.3-3+b4_amd64.deb	http://deb.debian.org/debian/pool/main/libx/libxmu/libxmuu1_1.1.3-3%2bb4_amd64.deb
8a5475402801de445a17887bb72d03613565a6a84b216b4b606d1462c613eeb2	libyaml-0-2_0.2.5-2_amd64.deb	http://deb.debian.org/debian/pool/main/liby/libyaml/libyaml-0-2_0.2.5-2_amd64.deb
df63eae0c0b2a4d59577b2f36fe2521cb11aa2955e6fb242441603e5ae1cf757	libz3-dev_4.13.3-1_amd64.deb	http://deb.debian.org/debian/pool/main/z/z3/libz3-dev_4.13.3-1_amd64.deb
84a9dfc277f0914cb84e6cb3d139d3eb3dfe19f06670bbdea4241e8e3d921a4e	llvm-19-runtime_1%3a19.1.7-3+b1_amd64.deb	http://deb.debian.org/debian/pool/main/l/llvm-toolchain-19/llvm-19-runtime_19.1.7-3%2bb1_amd64.deb
0b1b7263f4f45e261099240fdbf00fc14b42b88410fd829e041bf83ea45866cb	llvm-19_1%3a19.1.7-3+b1_amd64.deb	http://deb.debian.org/debian/pool/main/l/llvm-toolchain-19/llvm-19_19.1.7-3%2bb1_amd64.deb
9cadaec984d0d923f81e20a2dd68974db643f67ad6adc8a593a7bbdaad8f8554	python3-pygments_2.18.0+dfsg-2_all.deb	http://deb.debian.org/debian/pool/main/p/pygments/python3-pygments_2.18.0%2bdfsg-2_all.deb
0019c4e7848c83a0d6bcb78cca902b5cdb1714aa6370ba01955b1fed6f667056	python3-yaml_6.0.2-1+b2_amd64.deb	http://deb.debian.org/debian/pool/main/p/pyyaml/python3-yaml_6.0.2-1%2bb2_amd64.deb
452a16286ed957c41be096624affd751ccb359de8aa80cfbb2472f6cbd16e688	llvm-19-tools_1%3a19.1.7-3+b1_amd64.deb	http://deb.debian.org/debian/pool/main/l/llvm-toolchain-19/llvm-19-tools_19.1.7-3%2bb1_amd64.deb
b518fad63beae8e64ec40766c634d00b64ec4ca91ed6d32b3c93efafc1b9e20d	llvm-19-dev_1%3a19.1.7-3+b1_amd64.deb	http://deb.debian.org/debian/pool/main/l/llvm-toolchain-19/llvm-19-dev_19.1.7-3%2bb1_amd64.deb
9de42b48394935236a31385e4bae816911cd20dc3f20250531964aec44082f63	manpages-dev_6.9.1-1_all.deb	http://deb.debian.org/debian/pool/main/m/manpages/manpages-dev_6.9.1-1_all.deb
54efef2aef4db5fcb5e0f5b7746465000c6a779b06f3686d0ec3d2a901b20aeb	pkgconf-bin_1.8.1-4_amd64.deb	http://deb.debian.org/debian/pool/main/p/pkgconf/pkgconf-bin_1.8.1-4_amd64.deb
f1fcad470ca3ac80b4a0f4af6f03cd215089473996b07e508b3ee342bbb11af7	pkgconf_1.8.1-4_amd64.deb	http://deb.debian.org/debian/pool/main/p/pkgconf/pkgconf_1.8.1-4_amd64.deb
385209ba52e5c97808bbdc2fc4da22aea9020f96fbab6fbfb144921c4a31d400	pkg-config_1.8.1-4_amd64.deb	http://deb.debian.org/debian/pool/main/p/pkgconf/pkg-config_1.8.1-4_amd64.deb
80b5b3959ddf1c54c82001380aab866fa9964274a59a7f169110c8a036e40864	publicsuffix_20250328.1952-0.1_all.deb	http://deb.debian.org/debian/pool/main/p/publicsuffix/publicsuffix_20250328.1952-0.1_all.deb
14687bc8e3af350738f61e5a872bcdd83725694cb09d448d75077abd6249679a	xauth_1%3a1.1.2-1.1_amd64.deb	http://deb.debian.org/debian/pool/main/x/xauth/xauth_1.1.2-1.1_amd64.deb
